"JF Dot Shinonome Gothic 14";14;False;False;0;1;1;1
32;289;418;8;16;7;0
33;280;418;8;16;7;0
34;271;418;8;16;7;0
35;262;418;8;16;7;0
36;253;418;8;16;7;0
37;244;418;8;16;7;0
38;235;418;8;16;7;0
39;226;418;8;16;7;0
40;217;418;8;16;7;0
41;208;418;8;16;7;0
42;199;418;8;16;7;0
43;190;418;8;16;7;0
44;181;418;8;16;7;0
45;172;418;8;16;7;0
46;163;418;8;16;7;0
47;154;418;8;16;7;0
48;145;418;8;16;7;0
49;136;418;8;16;7;0
50;127;418;8;16;7;0
51;118;418;8;16;7;0
52;109;418;8;16;7;0
53;100;418;8;16;7;0
54;91;418;8;16;7;0
55;82;418;8;16;7;0
56;73;418;8;16;7;0
57;64;418;8;16;7;0
58;55;418;8;16;7;0
59;46;418;8;16;7;0
60;37;418;8;16;7;0
61;28;418;8;16;7;0
62;19;418;8;16;7;0
63;10;418;8;16;7;0
64;1;418;8;16;7;0
65;1013;402;8;16;7;0
66;1004;402;8;16;7;0
67;995;402;8;16;7;0
68;986;402;8;16;7;0
69;977;402;8;16;7;0
70;968;402;8;16;7;0
71;959;402;8;16;7;0
72;950;402;8;16;7;0
73;941;402;8;16;7;0
74;932;402;8;16;7;0
75;923;402;8;16;7;0
76;914;402;8;16;7;0
77;905;402;8;16;7;0
78;896;402;8;16;7;0
79;887;402;8;16;7;0
80;878;402;8;16;7;0
81;869;402;8;16;7;0
82;860;402;8;16;7;0
83;851;402;8;16;7;0
84;842;402;8;16;7;0
85;833;402;8;16;7;0
86;824;402;8;16;7;0
87;815;402;8;16;7;0
88;806;402;8;16;7;0
89;797;402;8;16;7;0
90;788;402;8;16;7;0
91;779;402;8;16;7;0
92;770;402;8;16;7;0
93;761;402;8;16;7;0
94;752;402;8;16;7;0
95;743;402;8;16;7;0
96;734;402;8;16;7;0
97;725;402;8;16;7;0
98;716;402;8;16;7;0
99;707;402;8;16;7;0
100;698;402;8;16;7;0
101;689;402;8;16;7;0
102;1009;386;8;16;7;0
103;1009;370;8;16;7;0
104;1009;354;8;16;7;0
105;1009;338;8;16;7;0
106;1009;322;8;16;7;0
107;1009;306;8;16;7;0
108;1009;290;8;16;7;0
109;1009;274;8;16;7;0
110;1009;258;8;16;7;0
111;1009;242;8;16;7;0
112;1009;226;8;16;7;0
113;1009;210;8;16;7;0
114;1009;194;8;16;7;0
115;1009;178;8;16;7;0
116;1009;162;8;16;7;0
117;1009;146;8;16;7;0
118;1009;130;8;16;7;0
119;1009;114;8;16;7;0
120;1009;98;8;16;7;0
121;1009;82;8;16;7;0
122;1009;66;8;16;7;0
123;1009;50;8;16;7;0
124;1009;34;8;16;7;0
125;1009;18;8;16;7;0
126;1009;2;8;16;7;0
8213;513;18;15;16;14;0
8220;529;18;15;16;14;0
8221;545;18;15;16;14;0
8230;561;18;15;16;14;0
8251;577;18;15;16;14;0
8592;593;18;15;16;14;0
8593;609;18;15;16;14;0
8594;625;18;15;16;14;0
8595;641;18;15;16;14;0
8800;657;18;15;16;14;0
9675;673;18;15;16;14;0
9733;689;18;15;16;14;0
9834;705;18;15;16;14;0
9839;721;18;15;16;14;0
12288;737;18;15;16;14;0
12289;753;18;15;16;14;0
12290;769;18;15;16;14;0
12293;785;18;15;16;14;0
12300;801;18;15;16;14;0
12301;817;18;15;16;14;0
12302;833;18;15;16;14;0
12303;849;18;15;16;14;0
12353;865;18;15;16;14;0
12354;881;18;15;16;14;0
12355;897;18;15;16;14;0
12356;913;18;15;16;14;0
12357;929;18;15;16;14;0
12358;945;18;15;16;14;0
12359;961;18;15;16;14;0
12360;977;18;15;16;14;0
12361;993;18;15;16;14;0
12362;1;34;15;16;14;0
12363;17;34;15;16;14;0
12364;33;34;15;16;14;0
12365;49;34;15;16;14;0
12366;65;34;15;16;14;0
12367;81;34;15;16;14;0
12368;97;34;15;16;14;0
12369;113;34;15;16;14;0
12370;129;34;15;16;14;0
12371;145;34;15;16;14;0
12372;161;34;15;16;14;0
12373;177;34;15;16;14;0
12374;193;34;15;16;14;0
12375;209;34;15;16;14;0
12376;225;34;15;16;14;0
12377;241;34;15;16;14;0
12378;257;34;15;16;14;0
12379;273;34;15;16;14;0
12380;289;34;15;16;14;0
12381;305;34;15;16;14;0
12382;321;34;15;16;14;0
12383;337;34;15;16;14;0
12384;353;34;15;16;14;0
12385;369;34;15;16;14;0
12386;385;34;15;16;14;0
12387;401;34;15;16;14;0
12388;417;34;15;16;14;0
12389;433;34;15;16;14;0
12390;449;34;15;16;14;0
12391;465;34;15;16;14;0
12392;481;34;15;16;14;0
12393;497;34;15;16;14;0
12394;513;34;15;16;14;0
12395;529;34;15;16;14;0
12396;545;34;15;16;14;0
12397;561;34;15;16;14;0
12398;577;34;15;16;14;0
12399;593;34;15;16;14;0
12400;609;34;15;16;14;0
12401;625;34;15;16;14;0
12402;641;34;15;16;14;0
12403;657;34;15;16;14;0
12404;673;34;15;16;14;0
12405;689;34;15;16;14;0
12406;705;34;15;16;14;0
12407;721;34;15;16;14;0
12408;737;34;15;16;14;0
12409;753;34;15;16;14;0
12410;769;34;15;16;14;0
12411;785;34;15;16;14;0
12412;801;34;15;16;14;0
12413;817;34;15;16;14;0
12414;833;34;15;16;14;0
12415;849;34;15;16;14;0
12416;865;34;15;16;14;0
12417;881;34;15;16;14;0
12418;897;34;15;16;14;0
12419;913;34;15;16;14;0
12420;929;34;15;16;14;0
12421;945;34;15;16;14;0
12422;961;34;15;16;14;0
12423;977;34;15;16;14;0
12424;993;34;15;16;14;0
12425;1;50;15;16;14;0
12426;17;50;15;16;14;0
12427;33;50;15;16;14;0
12428;49;50;15;16;14;0
12429;65;50;15;16;14;0
12430;81;50;15;16;14;0
12431;97;50;15;16;14;0
12432;113;50;15;16;14;0
12433;129;50;15;16;14;0
12434;145;50;15;16;14;0
12435;161;50;15;16;14;0
12443;177;50;15;16;14;0
12444;193;50;15;16;14;0
12449;209;50;15;16;14;0
12450;225;50;15;16;14;0
12451;241;50;15;16;14;0
12452;257;50;15;16;14;0
12453;273;50;15;16;14;0
12454;289;50;15;16;14;0
12455;305;50;15;16;14;0
12456;321;50;15;16;14;0
12457;337;50;15;16;14;0
12458;353;50;15;16;14;0
12459;369;50;15;16;14;0
12460;385;50;15;16;14;0
12461;401;50;15;16;14;0
12462;417;50;15;16;14;0
12463;433;50;15;16;14;0
12464;449;50;15;16;14;0
12465;465;50;15;16;14;0
12466;481;50;15;16;14;0
12467;497;50;15;16;14;0
12468;513;50;15;16;14;0
12469;529;50;15;16;14;0
12470;545;50;15;16;14;0
12471;561;50;15;16;14;0
12472;577;50;15;16;14;0
12473;593;50;15;16;14;0
12474;609;50;15;16;14;0
12475;625;50;15;16;14;0
12476;641;50;15;16;14;0
12477;657;50;15;16;14;0
12478;673;50;15;16;14;0
12479;689;50;15;16;14;0
12480;705;50;15;16;14;0
12481;721;50;15;16;14;0
12482;737;50;15;16;14;0
12483;753;50;15;16;14;0
12484;769;50;15;16;14;0
12485;785;50;15;16;14;0
12486;801;50;15;16;14;0
12487;817;50;15;16;14;0
12488;833;50;15;16;14;0
12489;849;50;15;16;14;0
12490;865;50;15;16;14;0
12491;881;50;15;16;14;0
12492;897;50;15;16;14;0
12493;913;50;15;16;14;0
12494;929;50;15;16;14;0
12495;945;50;15;16;14;0
12496;961;50;15;16;14;0
12497;977;50;15;16;14;0
12498;993;50;15;16;14;0
12499;1;66;15;16;14;0
12500;17;66;15;16;14;0
12501;33;66;15;16;14;0
12502;49;66;15;16;14;0
12503;65;66;15;16;14;0
12504;81;66;15;16;14;0
12505;97;66;15;16;14;0
12506;113;66;15;16;14;0
12507;129;66;15;16;14;0
12508;145;66;15;16;14;0
12509;161;66;15;16;14;0
12510;177;66;15;16;14;0
12511;193;66;15;16;14;0
12512;209;66;15;16;14;0
12513;225;66;15;16;14;0
12514;241;66;15;16;14;0
12515;257;66;15;16;14;0
12516;273;66;15;16;14;0
12517;289;66;15;16;14;0
12518;305;66;15;16;14;0
12519;321;66;15;16;14;0
12520;337;66;15;16;14;0
12521;353;66;15;16;14;0
12522;369;66;15;16;14;0
12523;385;66;15;16;14;0
12524;401;66;15;16;14;0
12525;417;66;15;16;14;0
12526;433;66;15;16;14;0
12527;449;66;15;16;14;0
12528;465;66;15;16;14;0
12529;481;66;15;16;14;0
12530;497;66;15;16;14;0
12531;513;66;15;16;14;0
12532;529;66;15;16;14;0
12533;545;66;15;16;14;0
12534;561;66;15;16;14;0
12539;577;66;15;16;14;0
12540;593;66;15;16;14;0
19968;609;66;15;16;14;0
19969;625;66;15;16;14;0
19975;641;66;15;16;14;0
19976;657;66;15;16;14;0
19977;673;66;15;16;14;0
19978;689;66;15;16;14;0
19979;705;66;15;16;14;0
19981;721;66;15;16;14;0
19982;737;66;15;16;14;0
19990;753;66;15;16;14;0
20001;769;66;15;16;14;0
20006;785;66;15;16;14;0
20013;801;66;15;16;14;0
20024;817;66;15;16;14;0
20027;833;66;15;16;14;0
20037;849;66;15;16;14;0
20055;865;66;15;16;14;0
20057;881;66;15;16;14;0
20081;897;66;15;16;14;0
20083;913;66;15;16;14;0
20102;929;66;15;16;14;0
20104;945;66;15;16;14;0
20105;961;66;15;16;14;0
20107;977;66;15;16;14;0
20108;993;66;15;16;14;0
20114;1;82;15;16;14;0
20117;17;82;15;16;14;0
20123;33;82;15;16;14;0
20129;49;82;15;16;14;0
20132;65;82;15;16;14;0
20139;81;82;15;16;14;0
20154;97;82;15;16;14;0
20161;113;82;15;16;14;0
20170;129;82;15;16;14;0
20171;145;82;15;16;14;0
20181;161;82;15;16;14;0
20182;177;82;15;16;14;0
20184;193;82;15;16;14;0
20195;209;82;15;16;14;0
20196;225;82;15;16;14;0
20197;241;82;15;16;14;0
20206;257;82;15;16;14;0
20208;273;82;15;16;14;0
20210;289;82;15;16;14;0
20214;305;82;15;16;14;0
20219;321;82;15;16;14;0
20225;337;82;15;16;14;0
20241;353;82;15;16;14;0
20250;369;82;15;16;14;0
20253;385;82;15;16;14;0
20280;401;82;15;16;14;0
20284;417;82;15;16;14;0
20301;433;82;15;16;14;0
20302;449;82;15;16;14;0
20303;465;82;15;16;14;0
20307;481;82;15;16;14;0
20309;497;82;15;16;14;0
20313;513;82;15;16;14;0
20316;529;82;15;16;14;0
20351;545;82;15;16;14;0
20363;561;82;15;16;14;0
20379;577;82;15;16;14;0
20381;593;82;15;16;14;0
20385;609;82;15;16;14;0
20398;625;82;15;16;14;0
20405;641;82;15;16;14;0
20415;657;82;15;16;14;0
20418;673;82;15;16;14;0
20445;689;82;15;16;14;0
20449;705;82;15;16;14;0
20462;721;82;15;16;14;0
20491;737;82;15;16;14;0
20493;753;82;15;16;14;0
20498;769;82;15;16;14;0
20505;785;82;15;16;14;0
20511;801;82;15;16;14;0
20516;817;82;15;16;14;0
20553;833;82;15;16;14;0
20572;849;82;15;16;14;0
20581;865;82;15;16;14;0
20596;881;82;15;16;14;0
20598;897;82;15;16;14;0
20605;913;82;15;16;14;0
20625;929;82;15;16;14;0
20633;945;82;15;16;14;0
20652;961;82;15;16;14;0
20653;977;82;15;16;14;0
20663;993;82;15;16;14;0
20670;1;98;15;16;14;0
20685;17;98;15;16;14;0
20687;33;98;15;16;14;0
20693;49;98;15;16;14;0
20711;65;98;15;16;14;0
20736;81;98;15;16;14;0
20778;97;98;15;16;14;0
20803;113;98;15;16;14;0
20804;129;98;15;16;14;0
20805;145;98;15;16;14;0
20808;161;98;15;16;14;0
20809;177;98;15;16;14;0
20811;193;98;15;16;14;0
20813;209;98;15;16;14;0
20814;225;98;15;16;14;0
20837;241;98;15;16;14;0
20840;257;98;15;16;14;0
20844;273;98;15;16;14;0
20845;289;98;15;16;14;0
20849;305;98;15;16;14;0
20853;321;98;15;16;14;0
20855;337;98;15;16;14;0
20856;353;98;15;16;14;0
20860;369;98;15;16;14;0
20869;385;98;15;16;14;0
20870;401;98;15;16;14;0
20877;417;98;15;16;14;0
20882;433;98;15;16;14;0
20889;449;98;15;16;14;0
20896;465;98;15;16;14;0
20908;481;98;15;16;14;0
20918;497;98;15;16;14;0
20919;513;98;15;16;14;0
20941;529;98;15;16;14;0
20957;545;98;15;16;14;0
20961;561;98;15;16;14;0
20966;577;98;15;16;14;0
20982;593;98;15;16;14;0
20986;609;98;15;16;14;0
20992;625;98;15;16;14;0
20995;641;98;15;16;14;0
20998;657;98;15;16;14;0
20999;673;98;15;16;14;0
21002;689;98;15;16;14;0
21009;705;98;15;16;14;0
21015;721;98;15;16;14;0
21021;737;98;15;16;14;0
21028;753;98;15;16;14;0
21029;769;98;15;16;14;0
21033;785;98;15;16;14;0
21038;801;98;15;16;14;0
21040;817;98;15;16;14;0
21046;833;98;15;16;14;0
21050;849;98;15;16;14;0
21051;865;98;15;16;14;0
21063;881;98;15;16;14;0
21066;897;98;15;16;14;0
21069;913;98;15;16;14;0
21091;929;98;15;16;14;0
21092;945;98;15;16;14;0
21103;961;98;15;16;14;0
21106;977;98;15;16;14;0
21109;993;98;15;16;14;0
21127;1;114;15;16;14;0
21147;17;114;15;16;14;0
21151;33;114;15;16;14;0
21152;49;114;15;16;14;0
21155;65;114;15;16;14;0
21161;81;114;15;16;14;0
21162;97;114;15;16;14;0
21172;113;114;15;16;14;0
21177;129;114;15;16;14;0
21191;145;114;15;16;14;0
21193;161;114;15;16;14;0
21205;177;114;15;16;14;0
21208;193;114;15;16;14;0
21209;209;114;15;16;14;0
21213;225;114;15;16;14;0
21215;241;114;15;16;14;0
21218;257;114;15;16;14;0
21253;273;114;15;16;14;0
21270;289;114;15;16;14;0
21271;305;114;15;16;14;0
21305;321;114;15;16;14;0
21306;337;114;15;16;14;0
21307;353;114;15;16;14;0
21313;369;114;15;16;14;0
21315;385;114;15;16;14;0
21322;401;114;15;16;14;0
21330;417;114;15;16;14;0
21332;433;114;15;16;14;0
21335;449;114;15;16;14;0
21336;465;114;15;16;14;0
21338;481;114;15;16;14;0
21344;497;114;15;16;14;0
21360;513;114;15;16;14;0
21361;529;114;15;16;14;0
21363;545;114;15;16;14;0
21364;561;114;15;16;14;0
21365;577;114;15;16;14;0
21375;593;114;15;16;14;0
21380;609;114;15;16;14;0
21402;625;114;15;16;14;0
21407;641;114;15;16;14;0
21416;657;114;15;16;14;0
21427;673;114;15;16;14;0
21435;689;114;15;16;14;0
21442;705;114;15;16;14;0
21451;721;114;15;16;14;0
21452;737;114;15;16;14;0
21453;753;114;15;16;14;0
21454;769;114;15;16;14;0
21462;785;114;15;16;14;0
21463;801;114;15;16;14;0
21475;817;114;15;16;14;0
21476;833;114;15;16;14;0
21477;849;114;15;16;14;0
21483;865;114;15;16;14;0
21484;881;114;15;16;14;0
21487;897;114;15;16;14;0
21488;913;114;15;16;14;0
21490;929;114;15;16;14;0
21491;945;114;15;16;14;0
21495;961;114;15;16;14;0
21496;977;114;15;16;14;0
21508;993;114;15;16;14;0
21512;1;130;15;16;14;0
21516;17;130;15;16;14;0
21517;33;130;15;16;14;0
21520;49;130;15;16;14;0
21521;65;130;15;16;14;0
21531;81;130;15;16;14;0
21542;97;130;15;16;14;0
21547;113;130;15;16;14;0
21560;129;130;15;16;14;0
21561;145;130;15;16;14;0
21578;161;130;15;16;14;0
21608;177;130;15;16;14;0
21610;193;130;15;16;14;0
21619;209;130;15;16;14;0
21621;225;130;15;16;14;0
21628;241;130;15;16;14;0
21629;257;130;15;16;14;0
21638;273;130;15;16;14;0
21644;289;130;15;16;14;0
21682;305;130;15;16;14;0
21697;321;130;15;16;14;0
21729;337;130;15;16;14;0
21742;353;130;15;16;14;0
21807;369;130;15;16;14;0
21809;385;130;15;16;14;0
21830;401;130;15;16;14;0
21839;417;130;15;16;14;0
21914;433;130;15;16;14;0
21916;449;130;15;16;14;0
21927;465;130;15;16;14;0
21942;481;130;15;16;14;0
21978;497;130;15;16;14;0
22120;513;130;15;16;14;0
22132;529;130;15;16;14;0
22234;545;130;15;16;14;0
22235;561;130;15;16;14;0
22238;577;130;15;16;14;0
22243;593;130;15;16;14;0
22256;609;130;15;16;14;0
22258;625;130;15;16;14;0
22259;641;130;15;16;14;0
22266;657;130;15;16;14;0
22269;673;130;15;16;14;0
22290;689;130;15;16;14;0
22303;705;130;15;16;14;0
22311;721;130;15;16;14;0
22312;737;130;15;16;14;0
22320;753;130;15;16;14;0
22343;769;130;15;16;14;0
22346;785;130;15;16;14;0
22402;801;130;15;16;14;0
22411;817;130;15;16;14;0
22434;833;130;15;16;14;0
22467;849;130;15;16;14;0
22475;865;130;15;16;14;0
22478;881;130;15;16;14;0
22495;897;130;15;16;14;0
22519;913;130;15;16;14;0
22522;929;130;15;16;14;0
22570;945;130;15;16;14;0
22577;961;130;15;16;14;0
22580;977;130;15;16;14;0
22602;993;130;15;16;14;0
22659;1;146;15;16;14;0
22675;17;146;15;16;14;0
22679;33;146;15;16;14;0
22721;49;146;15;16;14;0
22730;65;146;15;16;14;0
22732;81;146;15;16;14;0
22763;97;146;15;16;14;0
22766;113;146;15;16;14;0
22768;129;146;15;16;14;0
22770;145;146;15;16;14;0
22793;161;146;15;16;14;0
22799;177;146;15;16;14;0
22806;193;146;15;16;14;0
22810;209;146;15;16;14;0
22812;225;146;15;16;14;0
22818;241;146;15;16;14;0
22823;257;146;15;16;14;0
22825;273;146;15;16;14;0
22827;289;146;15;16;14;0
22830;305;146;15;16;14;0
22833;321;146;15;16;14;0
22855;337;146;15;16;14;0
22856;353;146;15;16;14;0
22857;369;146;15;16;14;0
22863;385;146;15;16;14;0
22885;401;146;15;16;14;0
22888;417;146;15;16;14;0
22890;433;146;15;16;14;0
22899;449;146;15;16;14;0
22909;465;146;15;16;14;0
22914;481;146;15;16;14;0
22916;497;146;15;16;14;0
22937;513;146;15;16;14;0
22949;529;146;15;16;14;0
22985;545;146;15;16;14;0
22987;561;146;15;16;14;0
23019;577;146;15;16;14;0
23039;593;146;15;16;14;0
23041;609;146;15;16;14;0
23064;625;146;15;16;14;0
23130;641;146;15;16;14;0
23142;657;146;15;16;14;0
23244;673;146;15;16;14;0
23265;689;146;15;16;14;0
23330;705;146;15;16;14;0
23376;721;146;15;16;14;0
23383;737;146;15;16;14;0
23384;753;146;15;16;14;0
23396;769;146;15;16;14;0
23398;785;146;15;16;14;0
23429;801;146;15;16;14;0
23432;817;146;15;16;14;0
23433;833;146;15;16;14;0
23436;849;146;15;16;14;0
23448;865;146;15;16;14;0
23450;881;146;15;16;14;0
23453;897;146;15;16;14;0
23455;913;146;15;16;14;0
23458;929;146;15;16;14;0
23459;945;146;15;16;14;0
23460;961;146;15;16;14;0
23470;977;146;15;16;14;0
23475;993;146;15;16;14;0
23478;1;162;15;16;14;0
23481;17;162;15;16;14;0
23487;33;162;15;16;14;0
23490;49;162;15;16;14;0
23492;65;162;15;16;14;0
23494;81;162;15;16;14;0
23500;97;162;15;16;14;0
23506;113;162;15;16;14;0
23515;129;162;15;16;14;0
23517;145;162;15;16;14;0
23534;161;162;15;16;14;0
23550;177;162;15;16;14;0
23553;193;162;15;16;14;0
23554;209;162;15;16;14;0
23556;225;162;15;16;14;0
23562;241;162;15;16;14;0
23566;257;162;15;16;14;0
23567;273;162;15;16;14;0
23569;289;162;15;16;14;0
23601;305;162;15;16;14;0
23613;321;162;15;16;14;0
23616;337;162;15;16;14;0
23621;353;162;15;16;14;0
23624;369;162;15;16;14;0
23626;385;162;15;16;14;0
23627;401;162;15;16;14;0
23637;417;162;15;16;14;0
23646;433;162;15;16;14;0
23652;449;162;15;16;14;0
23653;465;162;15;16;14;0
23665;481;162;15;16;14;0
23721;497;162;15;16;14;0
23769;513;162;15;16;14;0
23798;529;162;15;16;14;0
23815;545;162;15;16;14;0
23849;561;162;15;16;14;0
23888;577;162;15;16;14;0
24029;593;162;15;16;14;0
24035;609;162;15;16;14;0
24037;625;162;15;16;14;0
24038;641;162;15;16;14;0
24040;657;162;15;16;14;0
24046;673;162;15;16;14;0
24049;689;162;15;16;14;0
24059;705;162;15;16;14;0
24066;721;162;15;16;14;0
24067;737;162;15;16;14;0
24076;753;162;15;16;14;0
24093;769;162;15;16;14;0
24107;785;162;15;16;14;0
24109;801;162;15;16;14;0
24111;817;162;15;16;14;0
24112;833;162;15;16;14;0
24115;849;162;15;16;14;0
24120;865;162;15;16;14;0
24125;881;162;15;16;14;0
24133;897;162;15;16;14;0
24149;913;162;15;16;14;0
24178;929;162;15;16;14;0
24179;945;162;15;16;14;0
24180;961;162;15;16;14;0
24184;977;162;15;16;14;0
24188;993;162;15;16;14;0
24190;1;178;15;16;14;0
24195;17;178;15;16;14;0
24202;33;178;15;16;14;0
24207;49;178;15;16;14;0
24213;65;178;15;16;14;0
24215;81;178;15;16;14;0
24230;97;178;15;16;14;0
24231;113;178;15;16;14;0
24235;129;178;15;16;14;0
24237;145;178;15;16;14;0
24247;161;178;15;16;14;0
24259;177;178;15;16;14;0
24310;193;178;15;16;14;0
24311;209;178;15;16;14;0
24314;225;178;15;16;14;0
24330;241;178;15;16;14;0
24335;257;178;15;16;14;0
24341;273;178;15;16;14;0
24358;289;178;15;16;14;0
24369;305;178;15;16;14;0
24373;321;178;15;16;14;0
24375;337;178;15;16;14;0
24382;353;178;15;16;14;0
24403;369;178;15;16;14;0
24418;385;178;15;16;14;0
24425;401;178;15;16;14;0
24427;417;178;15;16;14;0
24432;433;178;15;16;14;0
24433;449;178;15;16;14;0
24441;465;178;15;16;14;0
24444;481;178;15;16;14;0
24449;497;178;15;16;14;0
24453;513;178;15;16;14;0
24459;529;178;15;16;14;0
24460;545;178;15;16;14;0
24466;561;178;15;16;14;0
24467;577;178;15;16;14;0
24471;593;178;15;16;14;0
24481;609;178;15;16;14;0
24489;625;178;15;16;14;0
24499;641;178;15;16;14;0
24515;657;178;15;16;14;0
24517;673;178;15;16;14;0
24525;689;178;15;16;14;0
24535;705;178;15;16;14;0
24536;721;178;15;16;14;0
24537;737;178;15;16;14;0
24540;753;178;15;16;14;0
24544;769;178;15;16;14;0
24555;785;178;15;16;14;0
24565;801;178;15;16;14;0
24594;817;178;15;16;14;0
24598;833;178;15;16;14;0
24605;849;178;15;16;14;0
24613;865;178;15;16;14;0
24615;881;178;15;16;14;0
24618;897;178;15;16;14;0
24651;913;178;15;16;14;0
24653;929;178;15;16;14;0
24656;945;178;15;16;14;0
24677;961;178;15;16;14;0
24681;977;178;15;16;14;0
24687;993;178;15;16;14;0
24693;1;194;15;16;14;0
24724;17;194;15;16;14;0
24735;33;194;15;16;14;0
24745;49;194;15;16;14;0
24746;65;194;15;16;14;0
24754;81;194;15;16;14;0
24773;97;194;15;16;14;0
24785;113;194;15;16;14;0
24794;129;194;15;16;14;0
24796;145;194;15;16;14;0
24808;161;194;15;16;14;0
24819;177;194;15;16;14;0
24841;193;194;15;16;14;0
24847;209;194;15;16;14;0
24858;225;194;15;16;14;0
24859;241;194;15;16;14;0
24863;257;194;15;16;14;0
24904;273;194;15;16;14;0
24907;289;194;15;16;14;0
24931;305;194;15;16;14;0
24942;321;194;15;16;14;0
24974;337;194;15;16;14;0
25014;353;194;15;16;14;0
25040;369;194;15;16;14;0
25074;385;194;15;16;14;0
25104;401;194;15;16;14;0
25105;417;194;15;16;14;0
25126;433;194;15;16;14;0
25151;449;194;15;16;14;0
25152;465;194;15;16;14;0
25161;481;194;15;16;14;0
25163;497;194;15;16;14;0
25165;513;194;15;16;14;0
25171;529;194;15;16;14;0
25173;545;194;15;16;14;0
25201;561;194;15;16;14;0
25215;577;194;15;16;14;0
25216;593;194;15;16;14;0
25226;609;194;15;16;14;0
25233;625;194;15;16;14;0
25237;641;194;15;16;14;0
25239;657;194;15;16;14;0
25240;673;194;15;16;14;0
25244;689;194;15;16;14;0
25246;705;194;15;16;14;0
25259;721;194;15;16;14;0
25265;737;194;15;16;14;0
25269;753;194;15;16;14;0
25273;769;194;15;16;14;0
25276;785;194;15;16;14;0
25285;801;194;15;16;14;0
25293;817;194;15;16;14;0
25296;833;194;15;16;14;0
25298;849;194;15;16;14;0
25307;865;194;15;16;14;0
25309;881;194;15;16;14;0
25312;897;194;15;16;14;0
25313;913;194;15;16;14;0
25335;929;194;15;16;14;0
25342;945;194;15;16;14;0
25345;961;194;15;16;14;0
25351;977;194;15;16;14;0
25361;993;194;15;16;14;0
25369;1;210;15;16;14;0
25387;17;210;15;16;14;0
25391;33;210;15;16;14;0
25429;49;210;15;16;14;0
25436;65;210;15;16;14;0
25448;81;210;15;16;14;0
25475;97;210;15;16;14;0
25480;113;210;15;16;14;0
25490;129;210;15;16;14;0
25496;145;210;15;16;14;0
25505;161;210;15;16;14;0
25506;177;210;15;16;14;0
25509;193;210;15;16;14;0
25511;209;210;15;16;14;0
25512;225;210;15;16;14;0
25522;241;210;15;16;14;0
25551;257;210;15;16;14;0
25552;273;210;15;16;14;0
25563;289;210;15;16;14;0
25569;305;210;15;16;14;0
25582;321;210;15;16;14;0
25588;337;210;15;16;14;0
25594;353;210;15;16;14;0
25613;369;210;15;16;14;0
25666;385;210;15;16;14;0
25705;401;210;15;16;14;0
25731;417;210;15;16;14;0
25774;433;210;15;16;14;0
25793;449;210;15;16;14;0
25805;465;210;15;16;14;0
25903;481;210;15;16;14;0
25913;497;210;15;16;14;0
25915;513;210;15;16;14;0
25918;529;210;15;16;14;0
25919;545;210;15;16;14;0
25925;561;210;15;16;14;0
25935;577;210;15;16;14;0
25937;593;210;15;16;14;0
25943;609;210;15;16;14;0
25945;625;210;15;16;14;0
25954;641;210;15;16;14;0
25955;657;210;15;16;14;0
25964;673;210;15;16;14;0
25968;689;210;15;16;14;0
25972;705;210;15;16;14;0
25973;721;210;15;16;14;0
25975;737;210;15;16;14;0
25991;753;210;15;16;14;0
26007;769;210;15;16;14;0
26009;785;210;15;16;14;0
26023;801;210;15;16;14;0
26029;817;210;15;16;14;0
26032;833;210;15;16;14;0
26041;849;210;15;16;14;0
26053;865;210;15;16;14;0
26059;881;210;15;16;14;0
26063;897;210;15;16;14;0
26082;913;210;15;16;14;0
26085;929;210;15;16;14;0
26087;945;210;15;16;14;0
26089;961;210;15;16;14;0
26118;977;210;15;16;14;0
26119;993;210;15;16;14;0
26126;1;226;15;16;14;0
26131;17;226;15;16;14;0
26132;1;2;15;16;14;0
26143;49;226;15;16;14;0
26144;65;226;15;16;14;0
26149;81;226;15;16;14;0
26151;97;226;15;16;14;0
26152;113;226;15;16;14;0
26172;129;226;15;16;14;0
26178;145;226;15;16;14;0
26217;161;226;15;16;14;0
26222;177;226;15;16;14;0
26223;193;226;15;16;14;0
26228;209;226;15;16;14;0
26230;225;226;15;16;14;0
26247;241;226;15;16;14;0
26262;257;226;15;16;14;0
26263;273;226;15;16;14;0
26286;289;226;15;16;14;0
26292;305;226;15;16;14;0
26332;321;226;15;16;14;0
26354;337;226;15;16;14;0
26356;353;226;15;16;14;0
26360;369;226;15;16;14;0
26367;385;226;15;16;14;0
26368;401;226;15;16;14;0
26376;417;226;15;16;14;0
26377;433;226;15;16;14;0
26381;449;226;15;16;14;0
26391;465;226;15;16;14;0
26395;481;226;15;16;14;0
26397;497;226;15;16;14;0
26399;513;226;15;16;14;0
26408;529;226;15;16;14;0
26410;545;226;15;16;14;0
26411;561;226;15;16;14;0
26412;577;226;15;16;14;0
26413;593;226;15;16;14;0
26441;609;226;15;16;14;0
26448;625;226;15;16;14;0
26463;641;226;15;16;14;0
26465;657;226;15;16;14;0
26469;673;226;15;16;14;0
26479;689;226;15;16;14;0
26481;705;226;15;16;14;0
26495;721;226;15;16;14;0
26512;737;226;15;16;14;0
26517;753;226;15;16;14;0
26522;769;226;15;16;14;0
26524;785;226;15;16;14;0
26525;801;226;15;16;14;0
26528;817;226;15;16;14;0
26543;833;226;15;16;14;0
26564;849;226;15;16;14;0
26576;865;226;15;16;14;0
26579;881;226;15;16;14;0
26580;897;226;15;16;14;0
26609;913;226;15;16;14;0
26628;929;226;15;16;14;0
26657;945;226;15;16;14;0
26666;961;226;15;16;14;0
26680;977;226;15;16;14;0
26681;993;226;15;16;14;0
26684;1;242;15;16;14;0
26696;17;242;15;16;14;0
26800;33;242;15;16;14;0
26820;49;242;15;16;14;0
26834;65;242;15;16;14;0
26842;81;242;15;16;14;0
26862;97;242;15;16;14;0
26866;113;242;15;16;14;0
26908;129;242;15;16;14;0
26989;145;242;15;16;14;0
26997;161;242;15;16;14;0
27005;177;242;15;16;14;0
27083;193;242;15;16;14;0
27096;209;242;15;16;14;0
27161;225;242;15;16;14;0
27177;241;242;15;16;14;0
27178;257;242;15;16;14;0
27211;273;242;15;16;14;0
27231;289;242;15;16;14;0
27396;305;242;15;16;14;0
27424;321;242;15;16;14;0
27425;337;242;15;16;14;0
27442;353;242;15;16;14;0
27468;369;242;15;16;14;0
27475;385;242;15;16;14;0
27490;401;242;15;16;14;0
27491;417;242;15;16;14;0
27492;433;242;15;16;14;0
27494;449;242;15;16;14;0
27497;465;242;15;16;14;0
27503;481;242;15;16;14;0
27507;497;242;15;16;14;0
27508;513;242;15;16;14;0
27515;529;242;15;16;14;0
27530;545;242;15;16;14;0
27531;561;242;15;16;14;0
27572;577;242;15;16;14;0
27573;593;242;15;16;14;0
27578;609;242;15;16;14;0
27583;625;242;15;16;14;0
27597;641;242;15;16;14;0
27598;657;242;15;16;14;0
27602;673;242;15;16;14;0
27604;689;242;15;16;14;0
27611;705;242;15;16;14;0
27663;721;242;15;16;14;0
27665;737;242;15;16;14;0
27671;753;242;15;16;14;0
27700;769;242;15;16;14;0
27703;785;242;15;16;14;0
27704;801;242;15;16;14;0
27713;817;242;15;16;14;0
27714;833;242;15;16;14;0
27735;849;242;15;16;14;0
27738;865;242;15;16;14;0
27744;881;242;15;16;14;0
27770;897;242;15;16;14;0
27784;913;242;15;16;14;0
27788;929;242;15;16;14;0
27809;945;242;15;16;14;0
27833;961;242;15;16;14;0
27835;977;242;15;16;14;0
27841;993;242;15;16;14;0
27849;1;258;15;16;14;0
27850;17;258;15;16;14;0
27861;33;258;15;16;14;0
27873;49;258;15;16;14;0
27874;65;258;15;16;14;0
27875;81;258;15;16;14;0
27880;97;258;15;16;14;0
27888;113;258;15;16;14;0
27891;129;258;15;16;14;0
27915;145;258;15;16;14;0
27927;161;258;15;16;14;0
27934;177;258;15;16;14;0
27963;193;258;15;16;14;0
27966;209;258;15;16;14;0
27969;225;258;15;16;14;0
27972;241;258;15;16;14;0
28014;257;258;15;16;14;0
28020;273;258;15;16;14;0
28023;289;258;15;16;14;0
28024;305;258;15;16;14;0
28040;321;258;15;16;14;0
28057;337;258;15;16;14;0
28082;353;258;15;16;14;0
28129;369;258;15;16;14;0
28145;385;258;15;16;14;0
28149;401;258;15;16;14;0
28151;417;258;15;16;14;0
28155;433;258;15;16;14;0
28165;449;258;15;16;14;0
28168;465;258;15;16;14;0
28171;481;258;15;16;14;0
28187;497;258;15;16;14;0
28193;513;258;15;16;14;0
28201;529;258;15;16;14;0
28204;545;258;15;16;14;0
28246;561;258;15;16;14;0
28271;577;258;15;16;14;0
28287;593;258;15;16;14;0
28288;609;258;15;16;14;0
28304;625;258;15;16;14;0
28310;641;258;15;16;14;0
28342;657;258;15;16;14;0
28357;673;258;15;16;14;0
28381;689;258;15;16;14;0
28382;705;258;15;16;14;0
28436;721;258;15;16;14;0
28450;737;258;15;16;14;0
28500;753;258;15;16;14;0
28608;769;258;15;16;14;0
28611;785;258;15;16;14;0
28655;801;258;15;16;14;0
28734;817;258;15;16;14;0
28779;833;258;15;16;14;0
28783;849;258;15;16;14;0
28797;865;258;15;16;14;0
28814;881;258;15;16;14;0
28845;897;258;15;16;14;0
28857;913;258;15;16;14;0
28858;929;258;15;16;14;0
28937;945;258;15;16;14;0
28961;961;258;15;16;14;0
28966;977;258;15;16;14;0
28982;993;258;15;16;14;0
28988;1;274;15;16;14;0
29017;17;274;15;16;14;0
29031;33;274;15;16;14;0
29087;49;274;15;16;14;0
29105;65;274;15;16;14;0
29123;81;274;15;16;14;0
29190;97;274;15;16;14;0
29211;113;274;15;16;14;0
29238;129;274;15;16;14;0
29255;145;274;15;16;14;0
29256;161;274;15;16;14;0
29275;177;274;15;16;14;0
29282;193;274;15;16;14;0
29289;209;274;15;16;14;0
29305;225;274;15;16;14;0
29356;241;274;15;16;14;0
29359;257;274;15;16;14;0
29366;273;274;15;16;14;0
29401;289;274;15;16;14;0
29420;305;274;15;16;14;0
29421;321;274;15;16;14;0
29483;337;274;15;16;14;0
29486;353;274;15;16;14;0
29508;369;274;15;16;14;0
29539;385;274;15;16;14;0
29554;401;274;15;16;14;0
29572;417;274;15;16;14;0
29575;433;274;15;16;14;0
29577;449;274;15;16;14;0
29579;465;274;15;16;14;0
29694;481;274;15;16;14;0
29699;497;274;15;16;14;0
29702;513;274;15;16;14;0
29872;529;274;15;16;14;0
29976;545;274;15;16;14;0
29983;561;274;15;16;14;0
29987;577;274;15;16;14;0
29992;593;274;15;16;14;0
30001;609;274;15;16;14;0
30003;625;274;15;16;14;0
30007;641;274;15;16;14;0
30010;657;274;15;16;14;0
30011;673;274;15;16;14;0
30028;689;274;15;16;14;0
30053;705;274;15;16;14;0
30058;721;274;15;16;14;0
30064;737;274;15;16;14;0
30097;753;274;15;16;14;0
30130;769;274;15;16;14;0
30149;785;274;15;16;14;0
30151;801;274;15;16;14;0
30171;817;274;15;16;14;0
30274;833;274;15;16;14;0
30330;849;274;15;16;14;0
30331;865;274;15;16;14;0
30333;881;274;15;16;14;0
30334;897;274;15;16;14;0
30340;913;274;15;16;14;0
30342;929;274;15;16;14;0
30382;945;274;15;16;14;0
30399;961;274;15;16;14;0
30423;977;274;15;16;14;0
30427;993;274;15;16;14;0
30435;1;290;15;16;14;0
30436;17;290;15;16;14;0
30446;33;290;15;16;14;0
30450;49;290;15;16;14;0
30452;65;290;15;16;14;0
30456;81;290;15;16;14;0
30462;97;290;15;16;14;0
30465;113;290;15;16;14;0
30475;129;290;15;16;14;0
30495;145;290;15;16;14;0
30496;161;290;15;16;14;0
30519;177;290;15;16;14;0
30522;193;290;15;16;14;0
30528;209;290;15;16;14;0
30636;225;290;15;16;14;0
30643;241;290;15;16;14;0
30690;257;290;15;16;14;0
30693;273;290;15;16;14;0
30701;289;290;15;16;14;0
30707;305;290;15;16;14;0
30722;321;290;15;16;14;0
30741;337;290;15;16;14;0
30770;353;290;15;16;14;0
30772;369;290;15;16;14;0
30906;385;290;15;16;14;0
30952;401;290;15;16;14;0
30990;417;290;15;16;14;0
31034;433;290;15;16;14;0
31036;449;290;15;16;14;0
31038;465;290;15;16;14;0
31048;481;290;15;16;14;0
31069;497;290;15;16;14;0
31070;513;290;15;16;14;0
31085;529;290;15;16;14;0
31105;545;290;15;16;14;0
31119;561;290;15;16;14;0
31168;577;290;15;16;14;0
31169;593;290;15;16;14;0
31185;609;290;15;16;14;0
31186;625;290;15;16;14;0
31192;641;290;15;16;14;0
31209;657;290;15;16;14;0
31216;673;290;15;16;14;0
31227;689;290;15;16;14;0
31243;705;290;15;16;14;0
31246;721;290;15;16;14;0
31278;737;290;15;16;14;0
31292;753;290;15;16;14;0
31295;769;290;15;16;14;0
31309;785;290;15;16;14;0
31311;801;290;15;16;14;0
31348;817;290;15;16;14;0
31350;833;290;15;16;14;0
31354;849;290;15;16;14;0
31361;865;290;15;16;14;0
31379;881;290;15;16;14;0
31391;897;290;15;16;14;0
31435;913;290;15;16;14;0
31452;929;290;15;16;14;0
31461;945;290;15;16;14;0
31471;961;290;15;16;14;0
31478;977;290;15;16;14;0
31505;993;290;15;16;14;0
31526;1;306;15;16;14;0
31532;17;306;15;16;14;0
31558;33;306;15;16;14;0
31561;49;306;15;16;14;0
31563;65;306;15;16;14;0
31568;81;306;15;16;14;0
31572;97;306;15;16;14;0
31639;113;306;15;16;14;0
31649;129;306;15;16;14;0
31665;145;306;15;16;14;0
31680;161;306;15;16;14;0
31684;177;306;15;16;14;0
31689;193;306;15;16;14;0
31777;209;306;15;16;14;0
31881;225;306;15;16;14;0
31934;241;306;15;16;14;0
31958;257;306;15;16;14;0
31992;273;306;15;16;14;0
31995;289;306;15;16;14;0
32004;305;306;15;16;14;0
32013;321;306;15;16;14;0
32020;337;306;15;16;14;0
32025;353;306;15;16;14;0
32026;369;306;15;16;14;0
32027;385;306;15;16;14;0
32032;401;306;15;16;14;0
32034;417;306;15;16;14;0
32048;433;306;15;16;14;0
32051;449;306;15;16;14;0
32057;465;306;15;16;14;0
32066;481;306;15;16;14;0
32068;497;306;15;16;14;0
32076;513;306;15;16;14;0
32080;529;306;15;16;14;0
32097;545;306;15;16;14;0
32098;561;306;15;16;14;0
32102;577;306;15;16;14;0
32113;593;306;15;16;14;0
32117;609;306;15;16;14;0
32118;625;306;15;16;14;0
32153;641;306;15;16;14;0
32154;657;306;15;16;14;0
32173;673;306;15;16;14;0
32191;689;306;15;16;14;0
32202;705;306;15;16;14;0
32209;721;306;15;16;14;0
32218;737;306;15;16;14;0
32232;753;306;15;16;14;0
32244;769;306;15;16;14;0
32257;785;306;15;16;14;0
32260;801;306;15;16;14;0
32283;817;306;15;16;14;0
32294;833;306;15;16;14;0
32302;849;306;15;16;14;0
32318;865;306;15;16;14;0
32321;881;306;15;16;14;0
32566;897;306;15;16;14;0
32618;913;306;15;16;14;0
32622;929;306;15;16;14;0
32624;945;306;15;16;14;0
32654;961;306;15;16;14;0
32676;977;306;15;16;14;0
32680;993;306;15;16;14;0
32681;1;322;15;16;14;0
32701;17;322;15;16;14;0
32722;33;322;15;16;14;0
32763;49;322;15;16;14;0
32764;65;322;15;16;14;0
32769;81;322;15;16;14;0
32771;97;322;15;16;14;0
32773;113;322;15;16;14;0
32784;129;322;15;16;14;0
32819;145;322;15;16;14;0
32854;161;322;15;16;14;0
32862;177;322;15;16;14;0
32884;193;322;15;16;14;0
32887;209;322;15;16;14;0
32905;225;322;15;16;14;0
32908;241;322;15;16;14;0
32925;257;322;15;16;14;0
32930;273;322;15;16;14;0
32937;289;322;15;16;14;0
32946;305;322;15;16;14;0
32963;321;322;15;16;14;0
32966;337;322;15;16;14;0
32972;353;322;15;16;14;0
32990;369;322;15;16;14;0
33012;385;322;15;16;14;0
33016;401;322;15;16;14;0
33021;417;322;15;16;14;0
33032;433;322;15;16;14;0
33050;449;322;15;16;14;0
33073;465;322;15;16;14;0
33075;481;322;15;16;14;0
33104;497;322;15;16;14;0
33109;513;322;15;16;14;0
33136;529;322;15;16;14;0
33144;545;322;15;16;14;0
33145;561;322;15;16;14;0
33192;577;322;15;16;14;0
33222;593;322;15;16;14;0
33251;609;322;15;16;14;0
33258;625;322;15;16;14;0
33261;641;322;15;16;14;0
33267;657;322;15;16;14;0
33268;673;322;15;16;14;0
33288;689;322;15;16;14;0
33292;705;322;15;16;14;0
33296;721;322;15;16;14;0
33310;737;322;15;16;14;0
33324;753;322;15;16;14;0
33337;769;322;15;16;14;0
33391;785;322;15;16;14;0
33394;801;322;15;16;14;0
33455;817;322;15;16;14;0
33457;833;322;15;16;14;0
33464;849;322;15;16;14;0
33509;865;322;15;16;14;0
33510;881;322;15;16;14;0
33521;897;322;15;16;14;0
33538;913;322;15;16;14;0
33590;929;322;15;16;14;0
33609;945;322;15;16;14;0
33618;961;322;15;16;14;0
33624;977;322;15;16;14;0
33655;993;322;15;16;14;0
33747;1;338;15;16;14;0
33756;17;338;15;16;14;0
33775;33;338;15;16;14;0
33853;49;338;15;16;14;0
33865;65;338;15;16;14;0
33900;81;338;15;16;14;0
33988;97;338;15;16;14;0
34101;113;338;15;16;14;0
34180;129;338;15;16;14;0
34220;145;338;15;16;14;0
34384;161;338;15;16;14;0
34394;177;338;15;16;14;0
34411;193;338;15;16;14;0
34509;209;338;15;16;14;0
34542;225;338;15;16;14;0
34678;241;338;15;16;14;0
34701;257;338;15;16;14;0
34880;273;338;15;16;14;0
34892;289;338;15;16;14;0
34899;305;338;15;16;14;0
34903;321;338;15;16;14;0
34909;337;338;15;16;14;0
34913;353;338;15;16;14;0
34920;369;338;15;16;14;0
34955;385;338;15;16;14;0
34987;401;338;15;16;14;0
35009;417;338;15;16;14;0
35010;433;338;15;16;14;0
35013;449;338;15;16;14;0
35023;465;338;15;16;14;0
35029;481;338;15;16;14;0
35036;497;338;15;16;14;0
35069;513;338;15;16;14;0
35079;529;338;15;16;14;0
35090;545;338;15;16;14;0
35186;561;338;15;16;14;0
35199;577;338;15;16;14;0
35201;593;338;15;16;14;0
35206;609;338;15;16;14;0
35207;625;338;15;16;14;0
35211;641;338;15;16;14;0
35215;657;338;15;16;14;0
35222;673;338;15;16;14;0
35226;689;338;15;16;14;0
35239;705;338;15;16;14;0
35242;721;338;15;16;14;0
35251;737;338;15;16;14;0
35282;753;338;15;16;14;0
35299;769;338;15;16;14;0
35302;785;338;15;16;14;0
35328;801;338;15;16;14;0
35336;817;338;15;16;14;0
35342;833;338;15;16;14;0
35347;849;338;15;16;14;0
35352;865;338;15;16;14;0
35370;881;338;15;16;14;0
35373;897;338;15;16;14;0
35377;913;338;15;16;14;0
35379;929;338;15;16;14;0
35382;945;338;15;16;14;0
35388;961;338;15;16;14;0
35413;977;338;15;16;14;0
35430;993;338;15;16;14;0
35433;1;354;15;16;14;0
35440;17;354;15;16;14;0
35441;33;354;15;16;14;0
35463;49;354;15;16;14;0
35465;65;354;15;16;14;0
35469;81;354;15;16;14;0
35475;97;354;15;16;14;0
35477;113;354;15;16;14;0
35480;129;354;15;16;14;0
35486;145;354;15;16;14;0
35488;161;354;15;16;14;0
35492;177;354;15;16;14;0
35500;193;354;15;16;14;0
35501;209;354;15;16;14;0
35504;225;354;15;16;14;0
35506;241;354;15;16;14;0
35519;257;354;15;16;14;0
35527;273;354;15;16;14;0
35531;289;354;15;16;14;0
35542;305;354;15;16;14;0
35576;321;354;15;16;14;0
35582;337;354;15;16;14;0
35585;353;354;15;16;14;0
35611;369;354;15;16;14;0
35613;385;354;15;16;14;0
35617;401;354;15;16;14;0
35635;417;354;15;16;14;0
35672;433;354;15;16;14;0
35674;449;354;15;16;14;0
35686;465;354;15;16;14;0
35696;481;354;15;16;14;0
35703;497;354;15;16;14;0
35914;513;354;15;16;14;0
35937;529;354;15;16;14;0
35946;545;354;15;16;14;0
35980;561;354;15;16;14;0
35997;577;354;15;16;14;0
36000;593;354;15;16;14;0
36001;609;354;15;16;14;0
36002;625;354;15;16;14;0
36008;641;354;15;16;14;0
36009;657;354;15;16;14;0
36011;673;354;15;16;14;0
36012;689;354;15;16;14;0
36015;705;354;15;16;14;0
36020;721;354;15;16;14;0
36023;737;354;15;16;14;0
36024;753;354;15;16;14;0
36027;769;354;15;16;14;0
36035;785;354;15;16;14;0
36039;801;354;15;16;14;0
36042;817;354;15;16;14;0
36059;833;354;15;16;14;0
36060;849;354;15;16;14;0
36062;865;354;15;16;14;0
36066;881;354;15;16;14;0
36074;897;354;15;16;14;0
36092;913;354;15;16;14;0
36104;929;354;15;16;14;0
36196;945;354;15;16;14;0
36208;961;354;15;16;14;0
36215;977;354;15;16;14;0
36229;993;354;15;16;14;0
36234;1;370;15;16;14;0
36259;17;370;15;16;14;0
36275;33;370;15;16;14;0
36317;49;370;15;16;14;0
36321;65;370;15;16;14;0
36335;81;370;15;16;14;0
36367;97;370;15;16;14;0
36468;113;370;15;16;14;0
36523;129;370;15;16;14;0
36554;145;370;15;16;14;0
36557;161;370;15;16;14;0
36562;177;370;15;16;14;0
36578;193;370;15;16;14;0
36605;209;370;15;16;14;0
36611;225;370;15;16;14;0
36637;241;370;15;16;14;0
36649;257;370;15;16;14;0
36650;273;370;15;16;14;0
36763;289;370;15;16;14;0
36766;305;370;15;16;14;0
36785;321;370;15;16;14;0
36794;337;370;15;16;14;0
36795;353;370;15;16;14;0
36796;369;370;15;16;14;0
36805;385;370;15;16;14;0
36814;401;370;15;16;14;0
36817;417;370;15;16;14;0
36820;433;370;15;16;14;0
36843;449;370;15;16;14;0
36855;465;370;15;16;14;0
36861;481;370;15;16;14;0
36864;497;370;15;16;14;0
36865;513;370;15;16;14;0
36867;529;370;15;16;14;0
36870;545;370;15;16;14;0
36879;561;370;15;16;14;0
36880;577;370;15;16;14;0
36884;593;370;15;16;14;0
36889;609;370;15;16;14;0
36890;625;370;15;16;14;0
36894;641;370;15;16;14;0
36895;657;370;15;16;14;0
36896;673;370;15;16;14;0
36899;689;370;15;16;14;0
36910;705;370;15;16;14;0
36913;721;370;15;16;14;0
36914;737;370;15;16;14;0
36930;753;370;15;16;14;0
36933;769;370;15;16;14;0
36935;785;370;15;16;14;0
36938;801;370;15;16;14;0
36939;817;370;15;16;14;0
36942;833;370;15;16;14;0
36947;849;370;15;16;14;0
36948;865;370;15;16;14;0
36949;881;370;15;16;14;0
36960;897;370;15;16;14;0
36969;913;370;15;16;14;0
36973;929;370;15;16;14;0
36984;945;370;15;16;14;0
36991;961;370;15;16;14;0
37034;977;370;15;16;14;0
37048;993;370;15;16;14;0
37070;1;386;15;16;14;0
37096;17;386;15;16;14;0
37117;33;386;15;16;14;0
37197;49;386;15;16;14;0
37237;65;386;15;16;14;0
37239;81;386;15;16;14;0
37240;97;386;15;16;14;0
37266;113;386;15;16;14;0
37325;129;386;15;16;14;0
37326;145;386;15;16;14;0
37327;161;386;15;16;14;0
37329;177;386;15;16;14;0
37340;193;386;15;16;14;0
37341;209;386;15;16;14;0
37347;225;386;15;16;14;0
37444;241;386;15;16;14;0
37504;257;386;15;16;14;0
37507;273;386;15;16;14;0
37624;289;386;15;16;14;0
37682;305;386;15;16;14;0
37723;321;386;15;16;14;0
37782;337;386;15;16;14;0
37799;353;386;15;16;14;0
37857;369;386;15;16;14;0
37969;385;386;15;16;14;0
38263;401;386;15;16;14;0
38272;417;386;15;16;14;0
38281;433;386;15;16;14;0
38283;449;386;15;16;14;0
38289;465;386;15;16;14;0
38291;481;386;15;16;14;0
38306;497;386;15;16;14;0
38343;513;386;15;16;14;0
38360;529;386;15;16;14;0
38450;545;386;15;16;14;0
38459;561;386;15;16;14;0
38477;577;386;15;16;14;0
38480;593;386;15;16;14;0
38491;609;386;15;16;14;0
38499;625;386;15;16;14;0
38500;641;386;15;16;14;0
38512;657;386;15;16;14;0
38518;673;386;15;16;14;0
38522;689;386;15;16;14;0
38525;705;386;15;16;14;0
38538;721;386;15;16;14;0
38542;737;386;15;16;14;0
38543;753;386;15;16;14;0
38555;769;386;15;16;14;0
38556;785;386;15;16;14;0
38560;801;386;15;16;14;0
38596;817;386;15;16;14;0
38597;833;386;15;16;14;0
38598;849;386;15;16;14;0
38599;865;386;15;16;14;0
38604;881;386;15;16;14;0
38609;897;386;15;16;14;0
38626;913;386;15;16;14;0
38627;929;386;15;16;14;0
38632;945;386;15;16;14;0
38634;961;386;15;16;14;0
38640;977;386;15;16;14;0
38642;993;386;15;16;14;0
38647;1;402;15;16;14;0
38651;17;402;15;16;14;0
38656;33;402;15;16;14;0
38684;49;402;15;16;14;0
38695;65;402;15;16;14;0
38706;81;402;15;16;14;0
38738;97;402;15;16;14;0
38745;113;402;15;16;14;0
38750;129;402;15;16;14;0
38754;145;402;15;16;14;0
38761;161;402;15;16;14;0
38899;177;402;15;16;14;0
38911;193;402;15;16;14;0
38915;209;402;15;16;14;0
38917;225;402;15;16;14;0
38918;241;402;15;16;14;0
38920;257;402;15;16;14;0
38928;273;402;15;16;14;0
38936;289;402;15;16;14;0
38957;305;402;15;16;14;0
38972;321;402;15;16;14;0
38988;337;402;15;16;14;0
38989;353;402;15;16;14;0
38996;369;402;15;16;14;0
39000;385;402;15;16;14;0
39080;401;402;15;16;14;0
39131;417;402;15;16;14;0
39135;433;402;15;16;14;0
39154;449;402;15;16;14;0
39164;465;402;15;16;14;0
39165;481;402;15;16;14;0
39166;497;402;15;16;14;0
39178;513;402;15;16;14;0
39208;529;402;15;16;14;0
39318;545;402;15;16;14;0
39321;561;402;15;16;14;0
39361;577;402;15;16;14;0
39366;593;402;15;16;14;0
39378;609;402;15;16;14;0
39438;625;402;15;16;14;0
39442;641;402;15;16;14;0
39443;657;402;15;16;14;0
39514;33;226;15;16;14;0
39592;497;18;15;16;14;0
39640;481;18;15;16;14;0
39658;465;18;15;16;14;0
39740;449;18;15;16;14;0
39746;433;18;15;16;14;0
39749;417;18;15;16;14;0
39764;401;18;15;16;14;0
39854;385;18;15;16;14;0
40165;369;18;15;16;14;0
40180;353;18;15;16;14;0
40599;337;18;15;16;14;0
40614;321;18;15;16;14;0
40644;305;18;15;16;14;0
40658;289;18;15;16;14;0
40665;273;18;15;16;14;0
40723;257;18;15;16;14;0
40736;241;18;15;16;14;0
40763;225;18;15;16;14;0
40802;209;18;15;16;14;0
65281;193;18;15;16;14;0
65285;177;18;15;16;14;0
65286;161;18;15;16;14;0
65288;145;18;15;16;14;0
65289;129;18;15;16;14;0
65290;113;18;15;16;14;0
65291;97;18;15;16;14;0
65293;81;18;15;16;14;0
65294;65;18;15;16;14;0
65295;49;18;15;16;14;0
65296;33;18;15;16;14;0
65297;17;18;15;16;14;0
65298;1;18;15;16;14;0
65299;993;2;15;16;14;0
65300;977;2;15;16;14;0
65301;961;2;15;16;14;0
65302;945;2;15;16;14;0
65303;929;2;15;16;14;0
65304;913;2;15;16;14;0
65305;897;2;15;16;14;0
65306;881;2;15;16;14;0
65309;865;2;15;16;14;0
65311;849;2;15;16;14;0
65313;833;2;15;16;14;0
65314;817;2;15;16;14;0
65315;801;2;15;16;14;0
65316;785;2;15;16;14;0
65317;769;2;15;16;14;0
65318;753;2;15;16;14;0
65319;737;2;15;16;14;0
65320;721;2;15;16;14;0
65321;705;2;15;16;14;0
65322;689;2;15;16;14;0
65323;673;2;15;16;14;0
65324;657;2;15;16;14;0
65325;641;2;15;16;14;0
65326;625;2;15;16;14;0
65327;609;2;15;16;14;0
65328;593;2;15;16;14;0
65329;577;2;15;16;14;0
65330;561;2;15;16;14;0
65331;545;2;15;16;14;0
65332;529;2;15;16;14;0
65333;513;2;15;16;14;0
65334;497;2;15;16;14;0
65335;481;2;15;16;14;0
65336;465;2;15;16;14;0
65337;449;2;15;16;14;0
65338;433;2;15;16;14;0
65345;417;2;15;16;14;0
65346;401;2;15;16;14;0
65347;385;2;15;16;14;0
65348;369;2;15;16;14;0
65349;353;2;15;16;14;0
65350;337;2;15;16;14;0
65351;321;2;15;16;14;0
65352;305;2;15;16;14;0
65353;289;2;15;16;14;0
65354;273;2;15;16;14;0
65355;257;2;15;16;14;0
65356;241;2;15;16;14;0
65357;225;2;15;16;14;0
65358;209;2;15;16;14;0
65359;193;2;15;16;14;0
65360;177;2;15;16;14;0
65361;161;2;15;16;14;0
65362;145;2;15;16;14;0
65363;129;2;15;16;14;0
65364;113;2;15;16;14;0
65365;97;2;15;16;14;0
65366;81;2;15;16;14;0
65367;65;2;15;16;14;0
65368;49;2;15;16;14;0
65369;33;2;15;16;14;0
65370;17;2;15;16;14;0
65374;673;402;15;16;14;0
65381;298;418;8;16;7;0
65382;307;418;8;16;7;0
65383;316;418;8;16;7;0
65384;325;418;8;16;7;0
65385;334;418;8;16;7;0
65388;343;418;8;16;7;0
65389;352;418;8;16;7;0
65390;361;418;8;16;7;0
65391;370;418;8;16;7;0
65392;379;418;8;16;7;0
65393;388;418;8;16;7;0
65394;397;418;8;16;7;0
65395;406;418;8;16;7;0
65396;415;418;8;16;7;0
65397;424;418;8;16;7;0
65398;433;418;8;16;7;0
65399;442;418;8;16;7;0
65400;451;418;8;16;7;0
65401;460;418;8;16;7;0
65402;469;418;8;16;7;0
65403;478;418;8;16;7;0
65404;487;418;8;16;7;0
65405;496;418;8;16;7;0
65406;505;418;8;16;7;0
65407;514;418;8;16;7;0
65408;523;418;8;16;7;0
65409;532;418;8;16;7;0
65410;541;418;8;16;7;0
65411;550;418;8;16;7;0
65412;559;418;8;16;7;0
65413;568;418;8;16;7;0
65414;577;418;8;16;7;0
65416;586;418;8;16;7;0
65417;595;418;8;16;7;0
65418;604;418;8;16;7;0
65419;613;418;8;16;7;0
65420;622;418;8;16;7;0
65421;631;418;8;16;7;0
65422;640;418;8;16;7;0
65423;649;418;8;16;7;0
65424;658;418;8;16;7;0
65425;667;418;8;16;7;0
65426;676;418;8;16;7;0
65427;685;418;8;16;7;0
65428;694;418;8;16;7;0
65430;703;418;8;16;7;0
65431;712;418;8;16;7;0
65432;721;418;8;16;7;0
65433;730;418;8;16;7;0
65434;739;418;8;16;7;0
65435;748;418;8;16;7;0
65436;757;418;8;16;7;0
65437;766;418;8;16;7;0
65438;775;418;8;16;7;0
65439;784;418;8;16;7;0
