"JF Dot Shinonome Gothic 14";28;False;False;0;1;1;1
32;2045;642;1;32;14;0
33;308;706;5;32;14;5
34;1865;674;11;32;14;2
35;1913;674;11;32;14;2
36;771;674;13;32;14;0
37;757;674;13;32;14;0
38;743;674;13;32;14;0
39;245;706;6;32;14;4
40;167;706;9;32;14;4
41;136;706;10;32;14;2
42;1949;674;11;32;14;2
43;1961;674;11;32;14;2
44;280;706;6;32;14;4
45;1985;674;11;32;14;2
46;273;706;6;32;14;4
47;617;674;13;32;14;0
48;603;674;13;32;14;0
49;2009;674;11;32;14;2
50;561;674;13;32;14;0
51;547;674;13;32;14;0
52;533;674;13;32;14;0
53;519;674;13;32;14;0
54;505;674;13;32;14;0
55;491;674;13;32;14;0
56;477;674;13;32;14;0
57;449;674;13;32;14;0
58;301;706;6;32;14;4
59;294;706;6;32;14;4
60;2033;674;11;32;14;2
61;393;674;13;32;14;0
62;1;706;11;32;14;2
63;365;674;13;32;14;0
64;351;674;13;32;14;0
65;323;674;13;32;14;0
66;309;674;13;32;14;0
67;295;674;13;32;14;0
68;281;674;13;32;14;0
69;435;674;13;32;14;0
70;785;674;13;32;14;0
71;897;674;13;32;14;0
72;995;674;13;32;14;0
73;187;706;8;32;14;4
74;1792;674;12;32;14;0
75;1387;674;13;32;14;0
76;1415;674;13;32;14;0
77;337;674;13;32;14;0
78;463;674;13;32;14;0
79;589;674;13;32;14;0
80;939;674;13;32;14;0
81;967;674;13;32;14;0
82;981;674;13;32;14;0
83;1009;674;13;32;14;0
84;186;674;15;32;14;0
85;1051;674;13;32;14;0
86;1065;674;13;32;14;0
87;13;706;11;32;14;2
88;1093;674;13;32;14;0
89;1853;674;11;32;14;2
90;1135;674;13;32;14;0
91;147;706;9;32;14;4
92;1841;674;11;32;14;2
93;70;706;10;32;14;2
94;1191;674;13;32;14;0
95;1205;674;13;32;14;0
96;266;706;6;32;14;4
97;1247;674;13;32;14;0
98;1275;674;13;32;14;0
99;1289;674;13;32;14;0
100;1303;674;13;32;14;0
101;1317;674;13;32;14;0
102;1331;674;13;32;14;0
103;1345;674;13;32;14;0
104;1359;674;13;32;14;0
105;259;706;6;32;14;4
106;125;706;10;32;14;2
107;1723;674;13;32;14;0
108;252;706;6;32;14;4
109;1925;674;11;32;14;2
110;1681;674;13;32;14;0
111;1667;674;13;32;14;0
112;1653;674;13;32;14;0
113;1625;674;13;32;14;0
114;1611;674;13;32;14;0
115;1569;674;13;32;14;0
116;1555;674;13;32;14;0
117;1541;674;13;32;14;0
118;1805;674;11;32;14;2
119;1817;674;11;32;14;2
120;1499;674;13;32;14;0
121;1485;674;13;32;14;0
122;1471;674;13;32;14;0
123;157;706;9;32;14;4
124;326;706;5;32;14;5
125;81;706;10;32;14;2
126;250;674;15;32;14;0
8213;151;2;29;32;28;0
8220;154;674;15;32;28;12
8221;170;674;15;32;28;2
8230;70;642;22;32;28;4
8251;553;610;23;32;28;4
8592;1067;546;25;32;28;2
8593;2026;642;16;32;28;8
8594;2003;546;25;32;28;2
8595;86;674;16;32;28;8
8800;1081;610;23;32;28;4
9675;1369;610;23;32;28;4
9733;953;34;27;32;28;2
9834;1989;642;18;32;28;8
9839;1874;642;19;32;28;5
12288;2045;674;1;32;28;0
12289;196;706;8;32;28;2
12290;37;706;10;32;28;2
12293;461;642;21;32;28;5
12300;869;674;13;32;28;14
12301;883;674;13;32;28;2
12302;218;674;15;32;28;12
12303;202;674;15;32;28;2
12353;162;642;22;32;28;4
12354;457;610;23;32;28;4
12355;549;642;21;32;28;5
12356;721;610;23;32;28;4
12357;1023;674;13;32;28;8
12358;1353;642;20;32;28;4
12359;615;642;21;32;28;5
12360;817;610;23;32;28;4
12361;1248;642;20;32;28;4
12362;443;578;25;32;28;4
12363;469;578;25;32;28;2
12364;1569;34;27;32;28;2
12365;637;642;21;32;28;5
12366;985;610;23;32;28;4
12367;1121;674;13;32;28;8
12368;1694;642;19;32;28;8
12369;495;578;25;32;28;4
12370;521;578;25;32;28;4
12371;681;642;21;32;28;5
12372;1664;578;24;32;28;5
12373;703;642;21;32;28;5
12374;1839;578;24;32;28;5
12375;1894;642;18;32;28;8
12376;1970;642;18;32;28;8
12377;1609;610;23;32;28;4
12378;547;578;25;32;28;4
12379;573;578;25;32;28;2
12380;2017;34;27;32;28;2
12381;1680;610;22;32;28;4
12382;625;578;25;32;28;4
12383;1561;610;23;32;28;4
12384;651;578;25;32;28;4
12385;1772;610;22;32;28;4
12386;703;578;25;32;28;4
12387;1795;610;22;32;28;4
12388;729;578;25;32;28;2
12389;225;66;27;32;28;2
12390;755;578;25;32;28;2
12391;281;66;27;32;28;2
12392;769;642;21;32;28;5
12393;1689;578;24;32;28;5
12394;1345;610;23;32;28;4
12395;1321;610;23;32;28;4
12396;781;578;25;32;28;2
12397;807;578;25;32;28;2
12398;1249;610;23;32;28;4
12399;833;578;25;32;28;4
12400;533;66;27;32;28;2
12401;561;66;27;32;28;2
12402;1201;610;23;32;28;4
12403;859;578;25;32;28;4
12404;885;578;25;32;28;4
12405;673;66;27;32;28;2
12406;701;66;27;32;28;2
12407;729;66;27;32;28;2
12408;757;66;27;32;28;2
12409;785;66;27;32;28;2
12410;813;66;27;32;28;2
12411;937;578;25;32;28;4
12412;869;66;27;32;28;2
12413;897;66;27;32;28;2
12414;835;642;21;32;28;5
12415;953;66;27;32;28;2
12416;989;578;25;32;28;4
12417;1015;578;25;32;28;2
12418;1009;610;23;32;28;4
12419;1933;610;22;32;28;4
12420;1093;578;25;32;28;2
12421;2002;610;22;32;28;4
12422;889;610;23;32;28;4
12423;1834;642;19;32;28;5
12424;2025;610;22;32;28;4
12425;923;642;21;32;28;5
12426;137;674;16;32;28;8
12427;47;642;22;32;28;4
12428;1317;66;27;32;28;2
12429;93;642;22;32;28;4
12430;945;642;21;32;28;5
12431;1119;578;25;32;28;2
12432;649;610;23;32;28;4
12433;1145;578;25;32;28;2
12434;1585;610;23;32;28;4
12435;577;610;23;32;28;4
12443;92;706;10;32;28;2
12444;103;706;10;32;28;2
12449;1734;642;19;32;28;5
12450;1889;578;24;32;28;2
12451;1714;642;19;32;28;5
12452;1227;642;20;32;28;4
12453;1654;642;19;32;28;5
12454;208;642;22;32;28;4
12455;967;642;21;32;28;5
12456;289;610;23;32;28;4
12457;1614;642;19;32;28;5
12458;241;610;23;32;28;4
12459;231;642;22;32;28;4
12460;1301;578;25;32;28;4
12461;145;610;23;32;28;4
12462;1353;578;25;32;28;4
12463;1011;642;21;32;28;5
12464;1379;578;25;32;28;4
12465;49;610;23;32;28;4
12466;1483;578;25;32;28;4
12467;346;642;22;32;28;4
12468;85;98;27;32;28;2
12469;1509;578;25;32;28;2
12470;141;98;27;32;28;2
12471;369;642;22;32;28;5
12472;1939;578;24;32;28;5
12473;1914;578;24;32;28;2
12474;253;98;27;32;28;2
12475;433;610;23;32;28;4
12476;1561;578;25;32;28;4
12477;1055;642;21;32;28;5
12478;1814;578;24;32;28;5
12479;392;642;22;32;28;4
12480;1587;578;25;32;28;4
12481;1739;578;24;32;28;2
12482;477;98;27;32;28;2
12483;1594;642;19;32;28;5
12484;415;642;22;32;28;5
12485;561;98;27;32;28;2
12486;1465;610;23;32;28;4
12487;1613;578;25;32;28;4
12488;266;674;14;32;28;10
12489;1951;642;18;32;28;8
12490;505;610;23;32;28;4
12491;1535;578;25;32;28;2
12492;1989;578;24;32;28;2
12493;1;610;23;32;28;4
12494;1290;642;20;32;28;4
12495;1431;578;25;32;28;2
12496;869;98;27;32;28;2
12497;897;98;27;32;28;2
12498;1033;642;21;32;28;5
12499;300;642;22;32;28;5
12500;277;642;22;32;28;5
12501;254;642;22;32;28;4
12502;1037;98;27;32;28;2
12503;1065;98;27;32;28;2
12504;1093;98;27;32;28;2
12505;1121;98;27;32;28;2
12506;1149;98;27;32;28;2
12507;481;610;23;32;28;4
12508;1223;578;25;32;28;4
12509;1197;578;25;32;28;4
12510;529;610;23;32;28;4
12511;1494;642;19;32;28;5
12512;673;610;23;32;28;4
12513;1979;610;22;32;28;4
12514;961;610;23;32;28;4
12515;879;642;21;32;28;5
12516;1057;610;23;32;28;4
12517;857;642;21;32;28;5
12518;963;578;25;32;28;2
12519;1583;674;13;32;28;8
12520;1311;642;20;32;28;4
12521;1864;610;22;32;28;4
12522;120;674;16;32;28;8
12523;1225;610;23;32;28;4
12524;1932;642;18;32;28;8
12525;1841;610;22;32;28;4
12526;1913;642;18;32;28;8
12527;1818;610;22;32;28;4
12528;1489;610;23;32;28;4
12529;677;578;25;32;28;2
12530;725;642;21;32;28;5
12531;1749;610;22;32;28;5
12532;599;578;25;32;28;4
12533;1514;642;19;32;28;5
12534;1269;642;20;32;28;4
12539;221;706;7;32;28;12
12540;1789;578;24;32;28;2
19968;2017;98;27;32;28;2
19969;1;130;27;32;28;2
19975;29;130;27;32;28;2
19976;57;130;27;32;28;2
19977;85;130;27;32;28;2
19978;113;130;27;32;28;2
19979;141;130;27;32;28;2
19981;169;130;27;32;28;2
19982;197;130;27;32;28;2
19990;225;130;27;32;28;2
20001;253;130;27;32;28;2
20006;281;130;27;32;28;2
20013;937;610;23;32;28;4
20024;337;130;27;32;28;2
20027;365;130;27;32;28;2
20037;393;130;27;32;28;2
20055;421;130;27;32;28;2
20057;913;610;23;32;28;4
20081;477;130;27;32;28;2
20083;505;130;27;32;28;2
20102;323;642;22;32;28;4
20104;561;130;27;32;28;2
20105;589;130;27;32;28;2
20107;617;130;27;32;28;2
20108;645;130;27;32;28;2
20114;673;130;27;32;28;2
20117;701;130;27;32;28;2
20123;729;130;27;32;28;2
20129;757;130;27;32;28;2
20132;785;130;27;32;28;2
20139;813;130;27;32;28;2
20154;841;130;27;32;28;2
20161;869;130;27;32;28;2
20170;897;130;27;32;28;2
20171;925;130;27;32;28;2
20181;953;130;27;32;28;2
20182;981;130;27;32;28;2
20184;1009;130;27;32;28;2
20195;1037;130;27;32;28;2
20196;1065;130;27;32;28;2
20197;1093;130;27;32;28;2
20206;1121;130;27;32;28;2
20208;391;578;25;32;28;2
20210;1177;130;27;32;28;2
20214;1205;130;27;32;28;2
20219;1233;130;27;32;28;2
20225;1261;130;27;32;28;2
20241;1289;130;27;32;28;2
20250;1317;130;27;32;28;2
20253;1345;130;27;32;28;2
20280;365;578;25;32;28;2
20284;1401;130;27;32;28;2
20301;1429;130;27;32;28;2
20302;1457;130;27;32;28;2
20303;1485;130;27;32;28;2
20307;1513;130;27;32;28;2
20309;1541;130;27;32;28;2
20313;1569;130;27;32;28;2
20316;1597;130;27;32;28;2
20351;1625;130;27;32;28;2
20363;339;578;25;32;28;2
20379;1681;130;27;32;28;2
20381;1709;130;27;32;28;2
20385;1737;130;27;32;28;2
20398;1765;130;27;32;28;2
20405;1793;130;27;32;28;2
20415;1821;130;27;32;28;2
20418;1849;130;27;32;28;2
20445;1877;130;27;32;28;2
20449;1905;130;27;32;28;2
20462;1933;130;27;32;28;2
20491;313;578;25;32;28;2
20493;1989;130;27;32;28;2
20498;287;578;25;32;28;2
20505;1;162;27;32;28;2
20511;29;162;27;32;28;2
20516;57;162;27;32;28;2
20553;85;162;27;32;28;2
20572;113;162;27;32;28;2
20581;141;162;27;32;28;2
20596;261;578;25;32;28;2
20598;235;578;25;32;28;2
20605;225;162;27;32;28;2
20625;253;162;27;32;28;2
20633;281;162;27;32;28;2
20652;309;162;27;32;28;2
20653;337;162;27;32;28;2
20663;365;162;27;32;28;2
20670;393;162;27;32;28;2
20685;209;578;25;32;28;2
20687;449;162;27;32;28;2
20693;477;162;27;32;28;2
20711;183;578;25;32;28;2
20736;533;162;27;32;28;2
20778;561;162;27;32;28;2
20803;589;162;27;32;28;2
20804;157;578;25;32;28;2
20805;645;162;27;32;28;2
20808;673;162;27;32;28;2
20809;701;162;27;32;28;2
20811;729;162;27;32;28;2
20813;1457;322;27;32;28;2
20814;785;162;27;32;28;2
20837;813;162;27;32;28;2
20840;841;162;27;32;28;2
20844;869;162;27;32;28;2
20845;897;162;27;32;28;2
20849;925;162;27;32;28;2
20853;953;162;27;32;28;2
20855;981;162;27;32;28;2
20856;1009;162;27;32;28;2
20860;1037;162;27;32;28;2
20869;2014;578;23;32;28;4
20870;97;610;23;32;28;4
20877;1121;162;27;32;28;2
20882;1153;610;23;32;28;4
20889;1177;162;27;32;28;2
20896;1205;162;27;32;28;2
20908;1233;162;27;32;28;2
20918;1261;162;27;32;28;2
20919;1289;162;27;32;28;2
20941;53;578;25;32;28;4
20957;1345;162;27;32;28;2
20961;1373;162;27;32;28;2
20966;1401;162;27;32;28;2
20982;27;578;25;32;28;2
20986;169;610;23;32;28;4
20992;193;610;23;32;28;4
20995;1977;546;25;32;28;2
20998;1541;162;27;32;28;2
20999;1951;546;25;32;28;2
21002;1925;546;25;32;28;2
21009;1899;546;25;32;28;2
21015;1873;546;25;32;28;2
21021;1847;546;25;32;28;2
21028;1821;546;25;32;28;2
21029;1795;546;25;32;28;2
21033;1769;546;25;32;28;2
21038;1743;546;25;32;28;2
21040;1717;546;25;32;28;2
21046;1691;546;25;32;28;2
21050;1665;546;25;32;28;2
21051;1639;546;25;32;28;2
21063;1613;546;25;32;28;2
21066;1587;546;25;32;28;2
21069;1989;162;27;32;28;2
21091;1561;546;25;32;28;2
21092;1535;546;25;32;28;2
21103;1509;546;25;32;28;2
21106;1483;546;25;32;28;2
21109;1457;546;25;32;28;2
21127;1379;546;25;32;28;2
21147;1353;546;25;32;28;2
21151;1327;546;25;32;28;2
21152;197;194;27;32;28;2
21155;225;194;27;32;28;2
21161;1301;546;25;32;28;2
21162;281;194;27;32;28;2
21172;309;194;27;32;28;2
21177;1275;546;25;32;28;2
21191;1249;546;25;32;28;2
21193;393;194;27;32;28;2
21205;421;194;27;32;28;0
21208;1223;546;25;32;28;2
21209;477;194;27;32;28;2
21213;505;194;27;32;28;2
21215;533;194;27;32;28;2
21218;561;194;27;32;28;2
21253;589;194;27;32;28;2
21270;617;194;27;32;28;2
21271;645;194;27;32;28;2
21305;1171;546;25;32;28;4
21306;1119;546;25;32;28;4
21307;1093;546;25;32;28;4
21313;757;194;27;32;28;2
21315;785;194;27;32;28;2
21322;813;194;27;32;28;2
21330;841;194;27;32;28;2
21332;869;194;27;32;28;2
21335;897;194;27;32;28;2
21336;925;194;27;32;28;2
21338;953;194;27;32;28;2
21344;361;610;23;32;28;4
21360;769;610;23;32;28;4
21361;1037;194;27;32;28;2
21363;1015;546;25;32;28;2
21364;989;546;25;32;28;2
21365;963;546;25;32;28;2
21375;911;546;25;32;28;2
21380;1177;194;27;32;28;2
21402;1205;194;27;32;28;2
21407;1233;194;27;32;28;2
21416;1261;194;27;32;28;2
21427;1289;194;27;32;28;2
21435;1317;194;27;32;28;2
21442;1345;194;27;32;28;2
21451;1373;194;27;32;28;2
21452;1401;194;27;32;28;2
21453;1429;194;27;32;28;2
21454;31;2;29;32;28;0
21462;1485;194;27;32;28;2
21463;1513;194;27;32;28;2
21475;1956;610;22;32;28;4
21476;1569;194;27;32;28;2
21477;859;546;25;32;28;2
21483;1625;194;27;32;28;2
21484;833;546;25;32;28;2
21487;1681;194;27;32;28;2
21488;1709;194;27;32;28;2
21490;1737;194;27;32;28;2
21491;1765;194;27;32;28;2
21495;1793;194;27;32;28;2
21496;807;546;25;32;28;2
21508;1849;194;27;32;28;2
21512;1877;194;27;32;28;2
21516;755;546;25;32;28;2
21517;729;546;25;32;28;2
21520;1961;194;27;32;28;2
21521;677;546;25;32;28;2
21531;2017;194;27;32;28;2
21542;1;226;27;32;28;2
21547;29;226;27;32;28;2
21560;57;226;27;32;28;2
21561;85;226;27;32;28;2
21578;113;226;27;32;28;2
21608;141;226;27;32;28;0
21610;169;226;27;32;28;2
21619;197;226;27;32;28;2
21621;225;226;27;32;28;2
21628;253;226;27;32;28;2
21629;281;226;27;32;28;2
21638;309;226;27;32;28;2
21644;651;546;25;32;28;2
21682;365;226;27;32;28;2
21697;625;546;25;32;28;2
21729;1441;610;23;32;28;4
21742;449;226;27;32;28;2
21807;477;226;27;32;28;2
21809;573;546;25;32;28;2
21830;533;226;27;32;28;2
21839;547;546;25;32;28;2
21914;589;226;27;32;28;2
21916;617;226;27;32;28;2
21927;645;226;27;32;28;2
21942;673;226;27;32;28;2
21978;701;226;27;32;28;2
22120;729;226;27;32;28;2
22132;757;226;27;32;28;2
22234;1513;610;23;32;28;4
22235;417;546;25;32;28;2
22238;1537;610;23;32;28;4
22243;365;546;25;32;28;2
22256;1417;610;23;32;28;4
22258;1393;610;23;32;28;4
22259;261;546;25;32;28;2
22266;235;546;25;32;28;2
22269;209;546;25;32;28;2
22290;1273;610;23;32;28;4
22303;1065;226;27;32;28;2
22311;1093;226;27;32;28;2
22312;1121;226;27;32;28;2
22320;1149;226;27;32;28;2
22343;157;546;25;32;28;2
22346;1205;226;27;32;28;2
22402;1233;226;27;32;28;2
22411;1261;226;27;32;28;2
22434;1289;226;27;32;28;2
22467;1317;226;27;32;28;2
22475;1345;226;27;32;28;2
22478;1373;226;27;32;28;2
22495;1401;226;27;32;28;2
22519;1429;226;27;32;28;2
22522;1457;226;27;32;28;2
22570;1485;226;27;32;28;2
22577;1513;226;27;32;28;2
22580;1541;226;27;32;28;2
22602;1569;226;27;32;28;2
22659;1597;226;27;32;28;2
22675;1625;226;27;32;28;2
22679;131;546;25;32;28;2
22721;1681;226;27;32;28;2
22730;1709;226;27;32;28;2
22732;1737;226;27;32;28;2
22763;1765;226;27;32;28;2
22766;1793;226;27;32;28;2
22768;1821;226;27;32;28;2
22770;1849;226;27;32;28;2
22793;1877;226;27;32;28;2
22799;1905;226;27;32;28;2
22806;1933;226;27;32;28;2
22810;105;546;25;32;28;4
22812;1989;226;27;32;28;2
22818;2017;226;27;32;28;2
22823;1;258;27;32;28;2
22825;29;258;27;32;28;2
22827;57;258;27;32;28;2
22830;85;258;27;32;28;2
22833;113;258;27;32;28;2
22855;141;258;27;32;28;2
22856;169;258;27;32;28;2
22857;197;258;27;32;28;2
22863;225;258;27;32;28;2
22885;253;258;27;32;28;2
22888;281;258;27;32;28;2
22890;309;258;27;32;28;2
22899;337;258;27;32;28;2
22909;365;258;27;32;28;2
22914;79;546;25;32;28;2
22916;421;258;27;32;28;2
22937;449;258;27;32;28;2
22949;477;258;27;32;28;2
22985;505;258;27;32;28;2
22987;533;258;27;32;28;2
23019;561;258;27;32;28;2
23039;589;258;27;32;28;2
23041;617;258;27;32;28;2
23064;645;258;27;32;28;2
23130;673;258;27;32;28;2
23142;701;258;27;32;28;2
23244;729;258;27;32;28;2
23265;757;258;27;32;28;2
23330;785;258;27;32;28;2
23376;813;258;27;32;28;2
23383;841;258;27;32;28;2
23384;869;258;27;32;28;2
23396;897;258;27;32;28;2
23398;925;258;27;32;28;2
23429;953;258;27;32;28;2
23432;981;258;27;32;28;2
23433;1009;258;27;32;28;2
23436;1037;258;27;32;28;2
23448;1065;258;27;32;28;2
23450;1093;258;27;32;28;2
23453;1121;258;27;32;28;2
23455;1149;258;27;32;28;2
23458;1177;258;27;32;28;2
23459;1205;258;27;32;28;2
23460;1233;258;27;32;28;2
23470;1261;258;27;32;28;2
23475;1289;258;27;32;28;2
23478;1317;258;27;32;28;2
23481;1345;258;27;32;28;2
23487;1373;258;27;32;28;2
23490;1401;258;27;32;28;2
23492;1429;258;27;32;28;2
23494;1457;258;27;32;28;2
23500;1485;258;27;32;28;2
23506;1513;258;27;32;28;2
23515;1541;258;27;32;28;2
23517;1569;258;27;32;28;2
23534;1597;258;27;32;28;2
23550;1625;258;27;32;28;2
23553;1653;258;27;32;28;2
23554;1681;258;27;32;28;2
23556;1709;258;27;32;28;2
23562;1737;258;27;32;28;2
23566;1765;258;27;32;28;2
23567;1793;258;27;32;28;2
23569;1821;258;27;32;28;2
23601;1849;258;27;32;28;2
23613;1877;258;27;32;28;2
23616;1905;258;27;32;28;2
23621;1933;258;27;32;28;2
23624;53;546;25;32;28;2
23626;27;546;25;32;28;2
23627;2017;258;27;32;28;2
23637;1;290;27;32;28;2
23646;1;546;25;32;28;2
23652;1998;514;25;32;28;2
23653;85;290;27;32;28;2
23665;1129;610;23;32;28;4
23721;141;290;27;32;28;2
23769;169;290;27;32;28;2
23798;1946;514;25;32;28;4
23815;225;290;27;32;28;2
23849;1894;514;25;32;28;2
23888;281;290;27;32;28;2
24029;1868;514;25;32;28;2
24035;337;290;27;32;28;2
24037;365;290;27;32;28;2
24038;393;290;27;32;28;2
24040;1842;514;25;32;28;4
24046;449;290;27;32;28;2
24049;1105;610;23;32;28;4
24059;505;290;27;32;28;2
24066;533;290;27;32;28;2
24067;561;290;27;32;28;2
24076;589;290;27;32;28;2
24093;617;290;27;32;28;2
24107;1790;514;25;32;28;4
24109;673;290;27;32;28;2
24111;701;290;27;32;28;2
24112;729;290;27;32;28;2
24115;757;290;27;32;28;2
24120;785;290;27;32;28;2
24125;1764;514;25;32;28;2
24133;1738;514;25;32;28;2
24149;869;290;27;32;28;2
24178;897;290;27;32;28;2
24179;925;290;27;32;28;2
24180;953;290;27;32;28;2
24184;981;290;27;32;28;2
24188;1686;514;25;32;28;2
24190;1037;290;27;32;28;2
24195;1065;290;27;32;28;2
24202;1093;290;27;32;28;2
24207;1121;290;27;32;28;2
24213;1149;290;27;32;28;2
24215;1177;290;27;32;28;2
24230;1205;290;27;32;28;2
24231;1233;290;27;32;28;2
24235;1261;290;27;32;28;2
24237;1289;290;27;32;28;2
24247;1317;290;27;32;28;2
24259;1345;290;27;32;28;2
24310;1373;290;27;32;28;2
24311;1401;290;27;32;28;2
24314;1429;290;27;32;28;2
24330;1457;290;27;32;28;2
24335;1485;290;27;32;28;2
24341;1639;578;24;32;28;2
24358;1541;290;27;32;28;2
24369;1634;514;25;32;28;2
24373;1597;290;27;32;28;2
24375;1625;290;27;32;28;2
24382;1653;290;27;32;28;2
24403;1910;610;22;32;28;4
24418;1709;290;27;32;28;2
24425;1737;290;27;32;28;2
24427;1765;290;27;32;28;2
24432;1793;290;27;32;28;2
24433;1821;290;27;32;28;2
24441;1849;290;27;32;28;2
24444;1877;290;27;32;28;2
24449;1905;290;27;32;28;2
24453;1933;290;27;32;28;2
24459;1961;290;27;32;28;2
24460;1989;290;27;32;28;2
24466;2017;290;27;32;28;2
24467;1;322;27;32;28;2
24471;29;322;27;32;28;2
24481;1582;514;25;32;28;2
24489;85;322;27;32;28;2
24499;113;322;27;32;28;2
24515;141;322;27;32;28;2
24517;169;322;27;32;28;2
24525;197;322;27;32;28;2
24535;225;322;27;32;28;2
24536;253;322;27;32;28;2
24537;281;322;27;32;28;2
24540;309;322;27;32;28;2
24544;337;322;27;32;28;2
24555;365;322;27;32;28;2
24565;393;322;27;32;28;2
24594;421;322;27;32;28;2
24598;449;322;27;32;28;2
24605;477;322;27;32;28;2
24613;505;322;27;32;28;2
24615;533;322;27;32;28;2
24618;561;322;27;32;28;2
24651;589;322;27;32;28;2
24653;617;322;27;32;28;2
24656;645;322;27;32;28;2
24677;673;322;27;32;28;2
24681;701;322;27;32;28;2
24687;729;322;27;32;28;2
24693;757;322;27;32;28;2
24724;785;322;27;32;28;2
24735;813;322;27;32;28;2
24745;1478;514;25;32;28;2
24746;869;322;27;32;28;2
24754;897;322;27;32;28;2
24773;925;322;27;32;28;2
24785;953;322;27;32;28;2
24794;981;322;27;32;28;2
24796;1009;322;27;32;28;2
24808;1037;322;27;32;28;2
24819;1065;322;27;32;28;2
24841;1093;322;27;32;28;2
24847;1121;322;27;32;28;2
24858;1149;322;27;32;28;2
24859;1177;322;27;32;28;2
24863;1205;322;27;32;28;2
24904;1233;322;27;32;28;2
24907;1261;322;27;32;28;2
24931;1289;322;27;32;28;2
24942;1317;322;27;32;28;2
24974;1452;514;25;32;28;2
25014;1373;322;27;32;28;2
25040;1401;322;27;32;28;2
25074;1429;322;27;32;28;2
25104;91;2;29;32;28;0
25105;1485;322;27;32;28;2
25126;1513;322;27;32;28;2
25151;1541;322;27;32;28;2
25152;1569;322;27;32;28;2
25161;1597;322;27;32;28;2
25163;1625;322;27;32;28;2
25165;1653;322;27;32;28;2
25171;1681;322;27;32;28;2
25173;1709;322;27;32;28;2
25201;1737;322;27;32;28;2
25215;1765;322;27;32;28;2
25216;1793;322;27;32;28;2
25226;1821;322;27;32;28;2
25233;1426;514;25;32;28;2
25237;1877;322;27;32;28;2
25239;1905;322;27;32;28;2
25240;1933;322;27;32;28;2
25244;1961;322;27;32;28;2
25246;1989;322;27;32;28;2
25259;2017;322;27;32;28;2
25265;1;354;27;32;28;2
25269;29;354;27;32;28;2
25273;57;354;27;32;28;2
25276;1400;514;25;32;28;2
25285;113;354;27;32;28;2
25293;1374;514;25;32;28;2
25296;1348;514;25;32;28;2
25298;197;354;27;32;28;2
25307;1270;514;25;32;28;2
25309;253;354;27;32;28;2
25312;281;354;27;32;28;2
25313;309;354;27;32;28;2
25335;337;354;27;32;28;2
25342;365;354;27;32;28;2
25345;393;354;27;32;28;2
25351;421;354;27;32;28;2
25361;449;354;27;32;28;2
25369;477;354;27;32;28;2
25387;505;354;27;32;28;2
25391;533;354;27;32;28;2
25429;561;354;27;32;28;2
25436;589;354;27;32;28;2
25448;617;354;27;32;28;2
25475;645;354;27;32;28;2
25480;673;354;27;32;28;2
25490;701;354;27;32;28;2
25496;729;354;27;32;28;2
25505;757;354;27;32;28;2
25506;785;354;27;32;28;2
25509;813;354;27;32;28;2
25511;841;354;27;32;28;2
25512;869;354;27;32;28;2
25522;897;354;27;32;28;2
25551;925;354;27;32;28;2
25552;953;354;27;32;28;2
25563;981;354;27;32;28;2
25569;1009;354;27;32;28;2
25582;1037;354;27;32;28;2
25588;1065;354;27;32;28;2
25594;1093;354;27;32;28;2
25613;1121;354;27;32;28;2
25666;1149;354;27;32;28;2
25705;1177;354;27;32;28;2
25731;1205;354;27;32;28;2
25774;1233;354;27;32;28;2
25793;1261;354;27;32;28;2
25805;1289;354;27;32;28;2
25903;1317;354;27;32;28;2
25913;1345;354;27;32;28;2
25915;1373;354;27;32;28;2
25918;1401;354;27;32;28;2
25919;1429;354;27;32;28;2
25925;1457;354;27;32;28;2
25935;1485;354;27;32;28;2
25937;1513;354;27;32;28;2
25943;1541;354;27;32;28;2
25945;1569;354;27;32;28;2
25954;1597;354;27;32;28;2
25955;1625;354;27;32;28;2
25964;1653;354;27;32;28;2
25968;1681;354;27;32;28;2
25972;1709;354;27;32;28;2
25973;1737;354;27;32;28;2
25975;1765;354;27;32;28;2
25991;1793;354;27;32;28;2
26007;1821;354;27;32;28;2
26009;1849;354;27;32;28;2
26023;1877;354;27;32;28;2
26029;1905;354;27;32;28;2
26032;1933;354;27;32;28;2
26041;1961;354;27;32;28;2
26053;1989;354;27;32;28;2
26059;2017;354;27;32;28;2
26063;1;386;27;32;28;2
26082;29;386;27;32;28;2
26085;901;642;21;32;28;5
26087;1;642;22;32;28;4
26089;113;386;27;32;28;2
26118;141;386;27;32;28;2
26119;169;386;27;32;28;2
26126;1192;514;25;32;28;2
26131;1166;514;25;32;28;2
26132;981;482;27;32;28;2
26143;281;386;27;32;28;2
26144;309;386;27;32;28;2
26149;337;386;27;32;28;2
26151;365;386;27;32;28;2
26152;393;386;27;32;28;2
26172;421;386;27;32;28;2
26178;449;386;27;32;28;2
26217;477;386;27;32;28;2
26222;505;386;27;32;28;2
26223;533;386;27;32;28;2
26228;561;386;27;32;28;2
26230;1114;514;25;32;28;2
26247;617;386;27;32;28;2
26262;645;386;27;32;28;2
26263;673;386;27;32;28;2
26286;701;386;27;32;28;2
26292;729;386;27;32;28;2
26332;1088;514;25;32;28;2
26354;697;610;23;32;28;4
26356;813;386;27;32;28;2
26360;841;386;27;32;28;2
26367;869;386;27;32;28;2
26368;897;386;27;32;28;2
26376;1964;578;24;32;28;2
26377;953;386;27;32;28;2
26381;981;386;27;32;28;2
26391;1010;514;25;32;28;2
26395;1037;386;27;32;28;2
26397;984;514;25;32;28;2
26399;958;514;25;32;28;2
26408;1121;386;27;32;28;2
26410;1149;386;27;32;28;2
26411;1177;386;27;32;28;2
26412;1205;386;27;32;28;2
26413;1233;386;27;32;28;2
26441;1261;386;27;32;28;2
26448;1289;386;27;32;28;2
26463;1317;386;27;32;28;2
26465;1345;386;27;32;28;2
26469;1373;386;27;32;28;2
26479;1401;386;27;32;28;2
26481;1429;386;27;32;28;2
26495;1457;386;27;32;28;2
26512;1485;386;27;32;28;2
26517;1513;386;27;32;28;2
26522;1541;386;27;32;28;2
26524;1569;386;27;32;28;2
26525;1597;386;27;32;28;2
26528;1625;386;27;32;28;2
26543;1653;386;27;32;28;2
26564;1681;386;27;32;28;2
26576;1709;386;27;32;28;2
26579;1737;386;27;32;28;2
26580;1765;386;27;32;28;2
26609;1793;386;27;32;28;2
26628;1821;386;27;32;28;2
26657;1849;386;27;32;28;2
26666;1877;386;27;32;28;2
26680;1905;386;27;32;28;2
26681;1933;386;27;32;28;2
26684;1961;386;27;32;28;2
26696;1989;386;27;32;28;2
26800;2017;386;27;32;28;2
26820;1;418;27;32;28;2
26834;29;418;27;32;28;2
26842;932;514;25;32;28;2
26862;85;418;27;32;28;2
26866;113;418;27;32;28;2
26908;141;418;27;32;28;2
26989;169;418;27;32;28;2
26997;197;418;27;32;28;2
27005;225;418;27;32;28;2
27083;253;418;27;32;28;2
27096;281;418;27;32;28;2
27161;309;418;27;32;28;2
27177;337;418;27;32;28;2
27178;365;418;27;32;28;2
27211;393;418;27;32;28;2
27231;421;418;27;32;28;2
27396;449;418;27;32;28;2
27424;477;418;27;32;28;2
27425;505;418;27;32;28;2
27442;533;418;27;32;28;2
27468;561;418;27;32;28;2
27475;589;418;27;32;28;2
27490;617;418;27;32;28;2
27491;645;418;27;32;28;2
27492;673;418;27;32;28;2
27494;701;418;27;32;28;2
27497;729;418;27;32;28;2
27503;757;418;27;32;28;2
27507;785;418;27;32;28;2
27508;813;418;27;32;28;2
27515;841;418;27;32;28;2
27530;869;418;27;32;28;2
27531;897;418;27;32;28;2
27572;906;514;25;32;28;4
27573;953;418;27;32;28;2
27578;981;418;27;32;28;2
27583;1009;418;27;32;28;2
27597;1037;418;27;32;28;2
27598;1065;418;27;32;28;2
27602;1093;418;27;32;28;2
27604;1121;418;27;32;28;2
27611;1149;418;27;32;28;2
27663;1177;418;27;32;28;2
27665;1205;418;27;32;28;2
27671;1233;418;27;32;28;2
27700;1261;418;27;32;28;2
27703;1289;418;27;32;28;2
27704;1317;418;27;32;28;2
27713;1345;418;27;32;28;2
27714;1373;418;27;32;28;2
27735;1401;418;27;32;28;2
27738;1429;418;27;32;28;2
27744;1457;418;27;32;28;2
27770;1485;418;27;32;28;2
27784;1513;418;27;32;28;2
27788;1541;418;27;32;28;2
27809;1569;418;27;32;28;2
27833;880;514;25;32;28;2
27835;1625;418;27;32;28;2
27841;1653;418;27;32;28;2
27849;1681;418;27;32;28;2
27850;854;514;25;32;28;2
27861;1737;418;27;32;28;2
27873;1765;418;27;32;28;2
27874;1793;418;27;32;28;2
27875;1821;418;27;32;28;2
27880;1849;418;27;32;28;2
27888;1877;418;27;32;28;2
27891;1905;418;27;32;28;2
27915;1933;418;27;32;28;2
27927;1961;418;27;32;28;2
27934;802;514;25;32;28;2
27963;2017;418;27;32;28;2
27966;1;450;27;32;28;2
27969;29;450;27;32;28;2
27972;57;450;27;32;28;2
28014;85;450;27;32;28;2
28020;113;450;27;32;28;2
28023;141;450;27;32;28;2
28024;169;450;27;32;28;2
28040;776;514;25;32;28;2
28057;225;450;27;32;28;2
28082;253;450;27;32;28;2
28129;281;450;27;32;28;2
28145;309;450;27;32;28;2
28149;750;514;25;32;28;2
28151;365;450;27;32;28;2
28155;393;450;27;32;28;2
28165;421;450;27;32;28;2
28168;449;450;27;32;28;2
28171;477;450;27;32;28;2
28187;505;450;27;32;28;2
28193;533;450;27;32;28;2
28201;561;450;27;32;28;2
28204;724;514;25;32;28;2
28246;698;514;25;32;28;2
28271;645;450;27;32;28;2
28287;673;450;27;32;28;2
28288;701;450;27;32;28;2
28304;729;450;27;32;28;2
28310;757;450;27;32;28;2
28342;785;450;27;32;28;2
28357;813;450;27;32;28;2
28381;841;450;27;32;28;2
28382;869;450;27;32;28;2
28436;897;450;27;32;28;2
28450;925;450;27;32;28;2
28500;672;514;25;32;28;2
28608;981;450;27;32;28;2
28611;1009;450;27;32;28;2
28655;1037;450;27;32;28;2
28734;646;514;25;32;28;2
28779;1093;450;27;32;28;2
28783;1121;450;27;32;28;2
28797;1149;450;27;32;28;2
28814;1177;450;27;32;28;2
28845;1205;450;27;32;28;2
28857;1233;450;27;32;28;2
28858;1261;450;27;32;28;2
28937;1289;450;27;32;28;2
28961;1317;450;27;32;28;2
28966;1345;450;27;32;28;2
28982;1373;450;27;32;28;2
28988;1401;450;27;32;28;2
29017;1429;450;27;32;28;2
29031;1457;450;27;32;28;2
29087;1485;450;27;32;28;2
29105;1513;450;27;32;28;2
29123;1541;450;27;32;28;2
29190;1569;450;27;32;28;2
29211;1597;450;27;32;28;2
29238;1625;450;27;32;28;2
29255;1653;450;27;32;28;2
29256;1681;450;27;32;28;2
29275;1709;450;27;32;28;2
29282;1737;450;27;32;28;2
29289;620;514;25;32;28;2
29305;1793;450;27;32;28;2
29356;1821;450;27;32;28;2
29359;1849;450;27;32;28;2
29366;1877;450;27;32;28;2
29401;1905;450;27;32;28;2
29420;1933;450;27;32;28;2
29421;1961;450;27;32;28;2
29483;1989;450;27;32;28;2
29486;2017;450;27;32;28;2
29508;1;482;27;32;28;2
29539;29;482;27;32;28;2
29554;57;482;27;32;28;2
29572;85;482;27;32;28;2
29575;113;482;27;32;28;2
29577;141;482;27;32;28;2
29579;169;482;27;32;28;2
29694;197;482;27;32;28;2
29699;225;482;27;32;28;2
29702;253;482;27;32;28;2
29872;281;482;27;32;28;2
29976;309;482;27;32;28;2
29983;337;482;27;32;28;2
29987;365;482;27;32;28;2
29992;281;514;26;32;28;0
30001;73;610;23;32;28;4
30003;601;610;23;32;28;4
30007;516;514;25;32;28;2
30010;490;514;25;32;28;4
30011;533;482;27;32;28;2
30028;561;482;27;32;28;2
30053;589;482;27;32;28;2
30058;617;482;27;32;28;2
30064;645;482;27;32;28;2
30097;673;482;27;32;28;2
30130;701;482;27;32;28;2
30149;729;482;27;32;28;2
30151;757;482;27;32;28;2
30171;785;482;27;32;28;2
30274;813;482;27;32;28;2
30330;841;482;27;32;28;2
30331;869;482;27;32;28;2
30333;1077;642;21;32;28;5
30334;925;482;27;32;28;2
30340;438;514;25;32;28;2
30342;1;2;29;32;28;0
30382;1009;482;27;32;28;2
30399;1037;482;27;32;28;2
30423;1065;482;27;32;28;2
30427;1093;482;27;32;28;2
30435;1121;482;27;32;28;2
30436;1149;482;27;32;28;2
30446;1099;642;21;32;28;5
30450;1205;482;27;32;28;2
30452;1233;482;27;32;28;2
30456;360;514;25;32;28;2
30462;1289;482;27;32;28;2
30465;1317;482;27;32;28;2
30475;1345;482;27;32;28;2
30495;1373;482;27;32;28;2
30496;1401;482;27;32;28;2
30519;1429;482;27;32;28;2
30522;1457;482;27;32;28;2
30528;1485;482;27;32;28;2
30636;1513;482;27;32;28;2
30643;1541;482;27;32;28;2
30690;1569;482;27;32;28;2
30693;334;514;25;32;28;2
30701;1625;482;27;32;28;2
30707;1653;482;27;32;28;2
30722;1681;482;27;32;28;2
30741;1709;482;27;32;28;2
30770;1737;482;27;32;28;2
30772;1765;482;27;32;28;2
30906;1793;482;27;32;28;2
30952;1821;482;27;32;28;2
30990;1849;482;27;32;28;2
31034;1877;482;27;32;28;2
31036;1905;482;27;32;28;2
31038;1933;482;27;32;28;2
31048;1961;482;27;32;28;2
31069;1989;482;27;32;28;2
31070;308;514;25;32;28;2
31085;1;514;27;32;28;2
31105;29;514;27;32;28;2
31119;594;514;25;32;28;2
31168;85;514;27;32;28;2
31169;113;514;27;32;28;2
31185;141;514;27;32;28;2
31186;169;514;27;32;28;2
31192;197;514;27;32;28;2
31209;225;514;27;32;28;2
31216;253;514;27;32;28;2
31227;57;514;27;32;28;2
31243;2017;482;27;32;28;2
31246;1597;482;27;32;28;2
31278;1261;482;27;32;28;2
31292;1177;482;27;32;28;2
31295;412;514;25;32;28;2
31309;953;482;27;32;28;2
31311;897;482;27;32;28;2
31348;505;482;27;32;28;2
31350;477;482;27;32;28;2
31354;449;482;27;32;28;2
31361;421;482;27;32;28;2
31379;393;482;27;32;28;2
31391;1765;450;27;32;28;2
31435;1065;450;27;32;28;2
31452;953;450;27;32;28;2
31461;617;450;27;32;28;2
31471;589;450;27;32;28;2
31478;337;450;27;32;28;2
31505;197;450;27;32;28;2
31526;1989;418;27;32;28;2
31532;828;514;25;32;28;2
31558;1709;418;27;32;28;2
31561;1597;418;27;32;28;2
31563;925;418;27;32;28;2
31568;57;418;27;32;28;2
31572;1093;386;27;32;28;2
31639;1065;386;27;32;28;2
31649;1009;386;27;32;28;2
31665;925;386;27;32;28;2
31680;785;386;27;32;28;2
31684;757;386;27;32;28;2
31689;589;386;27;32;28;2
31777;253;386;27;32;28;2
31881;225;386;27;32;28;2
31934;197;386;27;32;28;2
31958;85;386;27;32;28;2
31992;57;386;27;32;28;2
31995;225;354;27;32;28;2
32004;1296;514;25;32;28;2
32013;1322;514;25;32;28;2
32020;169;354;27;32;28;2
32025;141;354;27;32;28;2
32026;85;354;27;32;28;2
32027;1849;322;27;32;28;2
32032;1345;322;27;32;28;2
32034;841;322;27;32;28;2
32048;1504;514;25;32;28;2
32051;1530;514;25;32;28;2
32057;1556;514;25;32;28;2
32066;57;322;27;32;28;2
32068;1681;290;27;32;28;2
32076;1569;290;27;32;28;2
32080;1513;290;27;32;28;2
32097;1009;290;27;32;28;2
32098;1712;514;25;32;28;2
32102;841;290;27;32;28;2
32113;813;290;27;32;28;2
32117;645;290;27;32;28;2
32118;477;290;27;32;28;2
32153;421;290;27;32;28;2
32154;309;290;27;32;28;2
32173;253;290;27;32;28;2
32191;1920;514;25;32;28;2
32202;197;290;27;32;28;2
32209;113;290;27;32;28;2
32218;57;290;27;32;28;2
32232;29;290;27;32;28;2
32244;1989;258;27;32;28;2
32257;1961;258;27;32;28;2
32260;393;258;27;32;28;2
32283;1961;226;27;32;28;2
32294;1653;226;27;32;28;2
32302;1177;226;27;32;28;2
32318;1037;226;27;32;28;2
32321;1009;226;27;32;28;2
32566;981;226;27;32;28;2
32618;953;226;27;32;28;2
32622;925;226;27;32;28;2
32624;313;546;25;32;28;2
32654;897;226;27;32;28;2
32676;869;226;27;32;28;2
32680;841;226;27;32;28;2
32681;813;226;27;32;28;2
32701;443;546;25;32;28;2
32722;469;546;25;32;28;2
32763;495;546;25;32;28;2
32764;785;226;27;32;28;2
32769;561;226;27;32;28;2
32771;505;226;27;32;28;2
32773;421;226;27;32;28;2
32784;393;226;27;32;28;2
32819;337;226;27;32;28;2
32854;1989;194;27;32;28;2
32862;703;546;25;32;28;2
32884;1933;194;27;32;28;2
32887;1905;194;27;32;28;2
32905;1297;610;23;32;28;4
32908;1821;194;27;32;28;2
32925;1653;194;27;32;28;2
32930;1597;194;27;32;28;2
32937;1541;194;27;32;28;2
32946;1149;194;27;32;28;2
32963;793;610;23;32;28;4
32966;1121;194;27;32;28;2
32972;1093;194;27;32;28;2
32990;1065;194;27;32;28;2
33012;1009;194;27;32;28;2
33016;981;194;27;32;28;2
33021;729;194;27;32;28;2
33032;701;194;27;32;28;2
33050;1145;546;25;32;28;2
33073;673;194;27;32;28;2
33075;1197;546;25;32;28;2
33104;449;194;27;32;28;2
33109;365;194;27;32;28;2
33136;337;194;27;32;28;2
33144;253;194;27;32;28;2
33145;169;194;27;32;28;2
33192;141;194;27;32;28;2
33222;113;194;27;32;28;2
33251;1405;546;25;32;28;4
33258;505;642;21;32;28;5
33261;85;194;27;32;28;2
33267;57;194;27;32;28;2
33268;29;194;27;32;28;2
33288;1;194;27;32;28;2
33292;2017;162;27;32;28;2
33296;1961;162;27;32;28;2
33310;1933;162;27;32;28;2
33324;1905;162;27;32;28;2
33337;1877;162;27;32;28;2
33391;1849;162;27;32;28;2
33394;1821;162;27;32;28;2
33455;1793;162;27;32;28;2
33457;1765;162;27;32;28;2
33464;1737;162;27;32;28;2
33509;1709;162;27;32;28;2
33510;1681;162;27;32;28;2
33521;1653;162;27;32;28;2
33538;1625;162;27;32;28;2
33590;1597;162;27;32;28;2
33609;1569;162;27;32;28;2
33618;1513;162;27;32;28;2
33624;1485;162;27;32;28;2
33655;1457;162;27;32;28;2
33747;1429;162;27;32;28;2
33756;1317;162;27;32;28;2
33775;1149;162;27;32;28;2
33853;1093;162;27;32;28;2
33865;1065;162;27;32;28;2
33900;617;162;27;32;28;2
33988;505;162;27;32;28;2
34101;421;162;27;32;28;2
34180;197;162;27;32;28;2
34220;169;162;27;32;28;2
34384;2017;130;27;32;28;2
34394;1961;130;27;32;28;2
34411;1653;130;27;32;28;2
34509;1373;130;27;32;28;2
34542;1149;130;27;32;28;2
34678;533;130;27;32;28;2
34701;449;130;27;32;28;2
34880;309;130;27;32;28;2
34892;121;2;29;32;28;0
34899;1961;98;27;32;28;2
34903;1933;98;27;32;28;2
34909;1905;98;27;32;28;2
34913;1877;98;27;32;28;2
34920;1849;98;27;32;28;2
34955;1821;98;27;32;28;2
34987;1793;98;27;32;28;2
35009;1765;98;27;32;28;2
35010;1737;98;27;32;28;2
35013;1709;98;27;32;28;2
35023;1681;98;27;32;28;2
35029;1653;98;27;32;28;2
35036;1625;98;27;32;28;2
35069;1597;98;27;32;28;2
35079;1569;98;27;32;28;2
35090;1541;98;27;32;28;2
35186;1513;98;27;32;28;2
35199;1485;98;27;32;28;2
35201;1457;98;27;32;28;2
35206;1429;98;27;32;28;2
35207;1401;98;27;32;28;2
35211;1373;98;27;32;28;2
35215;1345;98;27;32;28;2
35222;1317;98;27;32;28;2
35226;1289;98;27;32;28;2
35239;1261;98;27;32;28;2
35242;1233;98;27;32;28;2
35251;1205;98;27;32;28;2
35282;1864;578;24;32;28;2
35299;1177;98;27;32;28;2
35302;1009;98;27;32;28;2
35328;981;98;27;32;28;2
35336;953;98;27;32;28;2
35342;925;98;27;32;28;2
35347;1405;578;25;32;28;2
35352;841;98;27;32;28;2
35370;813;98;27;32;28;2
35373;785;98;27;32;28;2
35377;757;98;27;32;28;2
35379;729;98;27;32;28;2
35382;701;98;27;32;28;2
35388;673;98;27;32;28;2
35413;645;98;27;32;28;2
35430;617;98;27;32;28;2
35433;589;98;27;32;28;2
35440;533;98;27;32;28;2
35441;505;98;27;32;28;2
35463;449;98;27;32;28;2
35465;421;98;27;32;28;2
35469;393;98;27;32;28;2
35475;365;98;27;32;28;2
35477;337;98;27;32;28;2
35480;309;98;27;32;28;2
35486;281;98;27;32;28;2
35488;225;98;27;32;28;2
35492;197;98;27;32;28;2
35500;169;98;27;32;28;2
35501;113;98;27;32;28;2
35504;57;98;27;32;28;2
35506;29;98;27;32;28;2
35519;1457;578;25;32;28;2
35527;1;98;27;32;28;2
35531;2017;66;27;32;28;2
35542;1989;66;27;32;28;2
35576;1961;66;27;32;28;2
35582;1933;66;27;32;28;2
35585;1327;578;25;32;28;2
35611;1905;66;27;32;28;2
35613;1877;66;27;32;28;2
35617;1849;66;27;32;28;2
35635;1821;66;27;32;28;2
35672;1793;66;27;32;28;2
35674;1765;66;27;32;28;2
35686;1737;66;27;32;28;2
35696;1709;66;27;32;28;2
35703;1681;66;27;32;28;2
35914;1653;66;27;32;28;2
35937;1625;66;27;32;28;2
35946;1597;66;27;32;28;2
35980;1569;66;27;32;28;2
35997;1249;578;25;32;28;2
36000;1171;578;25;32;28;2
36001;1541;66;27;32;28;2
36002;1513;66;27;32;28;2
36008;1485;66;27;32;28;2
36009;1457;66;27;32;28;2
36011;1429;66;27;32;28;2
36012;1401;66;27;32;28;2
36015;1373;66;27;32;28;2
36020;1345;66;27;32;28;2
36023;745;610;23;32;28;4
36024;1289;66;27;32;28;2
36027;1261;66;27;32;28;2
36035;1233;66;27;32;28;2
36039;1205;66;27;32;28;2
36042;1177;66;27;32;28;2
36059;1149;66;27;32;28;2
36060;1121;66;27;32;28;2
36062;1093;66;27;32;28;2
36066;1067;578;25;32;28;4
36074;1065;66;27;32;28;2
36092;1037;66;27;32;28;2
36104;1041;578;25;32;28;2
36196;1009;66;27;32;28;2
36208;981;66;27;32;28;2
36215;925;66;27;32;28;2
36229;841;66;27;32;28;2
36234;645;66;27;32;28;2
36259;617;66;27;32;28;2
36275;589;66;27;32;28;2
36317;505;66;27;32;28;2
36321;477;66;27;32;28;2
36335;449;66;27;32;28;2
36367;421;66;27;32;28;2
36468;393;66;27;32;28;2
36523;365;66;27;32;28;2
36554;337;66;27;32;28;2
36557;309;66;27;32;28;2
36562;253;66;27;32;28;2
36578;197;66;27;32;28;2
36605;169;66;27;32;28;2
36611;141;66;27;32;28;2
36637;113;66;27;32;28;2
36649;85;66;27;32;28;2
36650;57;66;27;32;28;2
36763;29;66;27;32;28;2
36766;1;66;27;32;28;2
36785;1989;34;27;32;28;2
36794;1961;34;27;32;28;2
36795;1933;34;27;32;28;2
36796;1905;34;27;32;28;2
36805;1877;34;27;32;28;2
36814;1849;34;27;32;28;2
36817;1821;34;27;32;28;2
36820;1793;34;27;32;28;2
36843;1765;34;27;32;28;2
36855;1737;34;27;32;28;2
36861;1709;34;27;32;28;2
36864;1681;34;27;32;28;2
36865;1653;34;27;32;28;2
36867;1625;34;27;32;28;2
36870;1597;34;27;32;28;2
36879;1541;34;27;32;28;2
36880;1513;34;27;32;28;2
36884;1485;34;27;32;28;2
36889;1457;34;27;32;28;2
36890;1429;34;27;32;28;2
36894;1401;34;27;32;28;2
36895;1373;34;27;32;28;2
36896;1345;34;27;32;28;2
36899;1317;34;27;32;28;2
36910;1289;34;27;32;28;2
36913;1261;34;27;32;28;2
36914;1233;34;27;32;28;2
36930;1205;34;27;32;28;2
36933;1177;34;27;32;28;2
36935;1149;34;27;32;28;2
36938;1121;34;27;32;28;2
36939;1093;34;27;32;28;2
36942;1065;34;27;32;28;2
36947;1037;34;27;32;28;2
36948;1009;34;27;32;28;2
36949;981;34;27;32;28;2
36960;925;34;27;32;28;2
36969;897;34;27;32;28;2
36973;869;34;27;32;28;2
36984;841;34;27;32;28;2
36991;813;34;27;32;28;2
37034;785;34;27;32;28;2
37048;757;34;27;32;28;2
37070;729;34;27;32;28;2
37096;701;34;27;32;28;2
37117;673;34;27;32;28;2
37197;617;34;27;32;28;2
37237;589;34;27;32;28;2
37239;561;34;27;32;28;2
37240;533;34;27;32;28;2
37266;505;34;27;32;28;2
37325;477;34;27;32;28;2
37326;449;34;27;32;28;2
37327;421;34;27;32;28;2
37329;393;34;27;32;28;2
37340;365;34;27;32;28;2
37341;337;34;27;32;28;2
37347;1608;514;25;32;28;2
37444;309;34;27;32;28;2
37504;281;34;27;32;28;2
37507;253;34;27;32;28;2
37624;225;34;27;32;28;2
37682;197;34;27;32;28;2
37723;169;34;27;32;28;2
37782;141;34;27;32;28;2
37799;113;34;27;32;28;2
37857;85;34;27;32;28;2
37969;57;34;27;32;28;2
38263;29;34;27;32;28;2
38272;911;578;25;32;28;2
38281;386;514;25;32;28;2
38283;464;514;25;32;28;2
38289;542;514;25;32;28;2
38291;568;514;25;32;28;2
38306;1036;514;25;32;28;2
38343;265;610;23;32;28;4
38360;313;610;23;32;28;4
38450;1062;514;25;32;28;4
38459;1218;514;25;32;28;4
38477;1244;514;25;32;28;4
38480;1660;514;25;32;28;4
38491;1816;514;25;32;28;4
38499;1972;514;25;32;28;4
38500;183;546;25;32;28;4
38512;287;546;25;32;28;4
38518;339;546;25;32;28;2
38522;391;546;25;32;28;4
38525;521;546;25;32;28;4
38538;599;546;25;32;28;4
38542;781;546;25;32;28;4
38543;885;546;25;32;28;4
38555;937;546;25;32;28;4
38556;1041;546;25;32;28;4
38560;1431;546;25;32;28;4
38596;1;34;27;32;28;2
38597;2001;2;27;32;28;2
38598;1973;2;27;32;28;2
38599;1945;2;27;32;28;2
38604;1917;2;27;32;28;2
38609;1889;2;27;32;28;2
38626;1861;2;27;32;28;2
38627;1833;2;27;32;28;2
38632;1805;2;27;32;28;2
38634;1777;2;27;32;28;2
38640;1749;2;27;32;28;2
38642;1721;2;27;32;28;2
38647;1693;2;27;32;28;2
38651;1665;2;27;32;28;2
38656;1637;2;27;32;28;2
38684;1609;2;27;32;28;2
38695;1581;2;27;32;28;2
38706;1553;2;27;32;28;2
38738;1525;2;27;32;28;2
38745;1497;2;27;32;28;2
38750;1469;2;27;32;28;2
38754;1441;2;27;32;28;2
38761;1413;2;27;32;28;2
38899;1385;2;27;32;28;2
38911;1357;2;27;32;28;2
38915;1;578;25;32;28;4
38917;1329;2;27;32;28;2
38918;1301;2;27;32;28;2
38920;1273;2;27;32;28;2
38928;1245;2;27;32;28;2
38936;1217;2;27;32;28;2
38957;1189;2;27;32;28;2
38972;1161;2;27;32;28;2
38988;1133;2;27;32;28;2
38989;1105;2;27;32;28;2
38996;1077;2;27;32;28;2
39000;1049;2;27;32;28;2
39080;1021;2;27;32;28;2
39131;993;2;27;32;28;2
39135;965;2;27;32;28;2
39154;937;2;27;32;28;2
39164;79;578;25;32;28;2
39165;909;2;27;32;28;2
39166;881;2;27;32;28;2
39178;853;2;27;32;28;2
39208;825;2;27;32;28;2
39318;797;2;27;32;28;2
39321;769;2;27;32;28;2
39361;741;2;27;32;28;2
39366;713;2;27;32;28;2
39378;105;578;25;32;28;2
39438;685;2;27;32;28;2
39442;657;2;27;32;28;2
39443;629;2;27;32;28;2
39514;601;2;27;32;28;2
39592;573;2;27;32;28;2
39640;545;2;27;32;28;2
39658;517;2;27;32;28;2
39740;131;578;25;32;28;4
39746;489;2;27;32;28;2
39749;461;2;27;32;28;2
39764;433;2;27;32;28;2
39854;405;2;27;32;28;2
40165;377;2;27;32;28;2
40180;349;2;27;32;28;2
40599;321;2;27;32;28;2
40614;293;2;27;32;28;2
40644;265;2;27;32;28;2
40658;237;2;27;32;28;2
40665;209;2;27;32;28;2
40723;181;2;27;32;28;2
40736;645;34;27;32;28;2
40763;1989;98;27;32;28;2
40802;757;162;27;32;28;2
65281;213;706;7;32;28;12
65285;417;578;25;32;28;2
65286;121;610;23;32;28;4
65288;25;706;11;32;28;16
65289;1889;674;11;32;28;2
65290;483;642;21;32;28;5
65291;217;610;23;32;28;4
65293;337;610;23;32;28;4
65294;314;706;5;32;28;2
65295;61;2;29;32;28;0
65296;69;674;16;32;28;8
65297;177;706;9;32;28;10
65298;1854;642;19;32;28;5
65299;1534;642;19;32;28;5
65300;527;642;21;32;28;5
65301;18;674;16;32;28;8
65302;571;642;21;32;28;5
65303;593;642;21;32;28;5
65304;1634;642;19;32;28;5
65305;1794;642;19;32;28;5
65306;320;706;5;32;28;12
65309;841;610;23;32;28;4
65311;1554;642;19;32;28;5
65313;1033;610;23;32;28;4
65314;1887;610;22;32;28;5
65315;1726;610;22;32;28;4
65316;1703;610;22;32;28;4
65317;1164;642;20;32;28;4
65318;1185;642;20;32;28;4
65319;865;610;23;32;28;4
65320;24;642;22;32;28;4
65321;229;706;7;32;28;10
65322;35;674;16;32;28;8
65323;116;642;22;32;28;4
65324;1206;642;20;32;28;4
65325;1275;578;25;32;28;2
65326;139;642;22;32;28;4
65327;409;610;23;32;28;4
65328;1143;642;20;32;28;4
65329;385;610;23;32;28;4
65330;185;642;22;32;28;4
65331;989;642;21;32;28;5
65332;1714;578;24;32;28;2
65333;438;642;22;32;28;4
65334;1177;610;23;32;28;4
65335;1457;194;27;32;28;2
65336;25;610;23;32;28;4
65337;1332;642;20;32;28;4
65338;625;610;23;32;28;4
65345;1474;642;19;32;28;5
65346;1454;642;19;32;28;5
65347;1434;642;19;32;28;5
65348;1414;642;19;32;28;5
65349;1394;642;19;32;28;5
65350;1;674;16;32;28;5
65351;1374;642;19;32;28;5
65352;813;642;21;32;28;5
65353;205;706;7;32;28;10
65354;1779;674;12;32;28;5
65355;1121;642;21;32;28;5
65356;237;706;7;32;28;10
65357;1764;578;24;32;28;2
65358;791;642;21;32;28;5
65359;1574;642;19;32;28;5
65360;1674;642;19;32;28;5
65361;1774;642;19;32;28;5
65362;52;674;16;32;28;5
65363;2008;642;17;32;28;4
65364;103;674;16;32;28;5
65365;747;642;21;32;28;5
65366;1657;610;22;32;28;4
65367;1633;610;23;32;28;4
65368;1754;642;19;32;28;5
65369;659;642;21;32;28;5
65370;1814;642;19;32;28;5
65374;1140;514;25;32;28;2
65381;287;706;6;32;14;4
65382;925;674;13;32;14;0
65383;911;674;13;32;14;0
65384;855;674;13;32;14;0
65385;827;674;13;32;14;0
65388;1401;674;13;32;14;0
65389;701;674;13;32;14;0
65390;1937;674;11;32;14;2
65391;687;674;13;32;14;0
65392;673;674;13;32;14;0
65393;659;674;13;32;14;0
65394;645;674;13;32;14;0
65395;631;674;13;32;14;0
65396;1751;674;13;32;14;0
65397;421;674;13;32;14;0
65398;407;674;13;32;14;0
65399;379;674;13;32;14;0
65400;1373;674;13;32;14;0
65401;1079;674;13;32;14;0
65402;1901;674;11;32;14;2
65403;1107;674;13;32;14;0
65404;1163;674;13;32;14;0
65405;1177;674;13;32;14;0
65406;1429;674;13;32;14;0
65407;1513;674;13;32;14;0
65408;1527;674;13;32;14;0
65409;1695;674;13;32;14;0
65410;1737;674;13;32;14;0
65411;841;674;13;32;14;0
65412;48;706;10;32;14;2
65413;1639;674;13;32;14;0
65414;1597;674;13;32;14;0
65416;1233;674;13;32;14;0
65417;1829;674;11;32;14;2
65418;953;674;13;32;14;0
65419;1877;674;11;32;14;2
65420;799;674;13;32;14;0
65421;1261;674;13;32;14;0
65422;813;674;13;32;14;0
65423;575;674;13;32;14;0
65424;1443;674;13;32;14;0
65425;1457;674;13;32;14;0
65426;1709;674;13;32;14;0
65427;1765;674;13;32;14;0
65428;1219;674;13;32;14;0
65430;1149;674;13;32;14;0
65431;1037;674;13;32;14;0
65432;2021;674;11;32;14;2
65433;234;674;15;32;14;0
65434;1997;674;11;32;14;2
65435;1973;674;11;32;14;2
65436;715;674;13;32;14;0
65437;729;674;13;32;14;0
65438;114;706;10;32;14;0
65439;59;706;10;32;14;0
