"FTT-UDKakugoC80 M";10;False;False;0;1;1;1
32;140;450;1;14;5;0
33;16;450;4;14;5;1
34;299;436;5;14;5;0
35;155;436;6;14;5;0
36;141;436;6;14;5;0
37;127;436;6;14;5;0
38;456;422;6;14;5;0
39;507;436;4;14;5;0
40;462;436;4;14;5;2
41;457;436;4;14;5;0
42;365;422;6;14;5;0
43;358;422;6;14;5;0
44;437;436;4;14;5;0
45;344;422;6;14;5;0
46;125;450;3;14;5;0
47;330;422;6;14;5;0
48;323;422;6;14;5;0
49;447;436;4;14;5;1
50;309;422;6;14;5;0
51;302;422;6;14;5;0
52;295;422;6;14;5;0
53;288;422;6;14;5;0
54;281;422;6;14;5;0
55;274;422;6;14;5;0
56;267;422;6;14;5;0
57;260;422;6;14;5;0
58;452;436;4;14;5;1
59;96;450;4;14;5;1
60;239;422;6;14;5;0
61;232;422;6;14;5;0
62;225;422;6;14;5;0
63;218;422;6;14;5;0
64;211;422;6;14;5;0
65;204;422;6;14;5;0
66;197;422;6;14;5;0
67;190;422;6;14;5;0
68;183;422;6;14;5;0
69;176;422;6;14;5;0
70;169;422;6;14;5;0
71;162;422;6;14;5;0
72;155;422;6;14;5;0
73;132;450;2;14;5;2
74;419;436;5;14;5;0
75;134;422;6;14;5;0
76;127;422;6;14;5;0
77;120;422;6;14;5;0
78;113;422;6;14;5;0
79;106;422;6;14;5;0
80;99;422;6;14;5;0
81;92;422;6;14;5;0
82;85;422;6;14;5;0
83;78;422;6;14;5;0
84;71;422;6;14;5;0
85;64;422;6;14;5;0
86;57;422;6;14;5;0
87;50;422;6;14;5;0
88;43;422;6;14;5;0
89;36;422;6;14;5;0
90;29;422;6;14;5;0
91;467;436;4;14;5;2
92;15;422;6;14;5;0
93;472;436;4;14;5;0
94;477;436;4;14;5;1
95;499;408;6;14;5;0
96;482;436;4;14;5;2
97;485;408;6;14;5;0
98;267;436;6;14;5;0
99;471;408;6;14;5;0
100;464;408;6;14;5;0
101;457;408;6;14;5;0
102;487;436;4;14;5;1
103;443;408;6;14;5;0
104;436;408;6;14;5;0
105;492;436;4;14;5;1
106;497;436;4;14;5;1
107;415;408;6;14;5;0
108;129;450;2;14;5;2
109;401;408;6;14;5;0
110;505;394;6;14;5;0
111;478;408;6;14;5;0
112;400;422;6;14;5;0
113;407;422;6;14;5;0
114;502;436;4;14;5;1
115;435;422;6;14;5;0
116;401;436;5;14;5;0
117;449;422;6;14;5;0
118;463;422;6;14;5;0
119;470;422;6;14;5;0
120;477;422;6;14;5;0
121;484;422;6;14;5;0
122;498;422;6;14;5;0
123;1;450;4;14;5;2
124;135;450;2;14;5;2
125;11;450;4;14;5;0
126;389;436;5;14;4;0
8213;221;254;9;14;8;0
8220;377;436;5;14;8;4
8221;365;436;5;14;8;0
8230;201;254;9;14;8;0
8251;191;254;9;14;8;0
8592;181;254;9;14;8;0
8593;64;436;6;14;8;2
8594;161;254;9;14;8;0
8595;85;436;6;14;8;2
8800;177;408;7;14;8;1
9733;131;254;9;14;8;0
9834;169;408;7;14;8;1
12288;138;450;1;14;8;0
12289;41;450;4;14;8;0
12290;46;450;4;14;8;0
12293;91;254;9;14;8;0
12300;51;450;4;14;8;5
12301;56;450;4;14;8;0
12302;66;450;4;14;8;5
12303;71;450;4;14;8;0
12353;105;408;7;14;8;1
12354;11;254;9;14;8;0
12355;97;408;7;14;8;1
12356;501;240;9;14;8;0
12357;89;408;7;14;8;1
12358;292;394;8;14;8;0
12359;73;408;7;14;8;1
12360;341;240;9;14;8;0
12361;328;394;8;14;8;1
12362;221;240;9;14;8;0
12363;21;240;9;14;8;0
12364;375;30;10;14;8;0
12365;501;226;9;14;8;0
12366;491;226;9;14;8;0
12367;57;408;7;14;8;1
12368;364;394;8;14;8;1
12369;251;226;9;14;8;0
12370;201;226;9;14;8;0
12371;391;394;8;14;8;0
12372;91;226;9;14;8;0
12373;291;212;9;14;8;0
12374;91;212;9;14;8;0
12375;400;394;8;14;8;1
12376;418;394;8;14;8;1
12377;261;198;9;14;8;0
12378;251;198;9;14;8;0
12379;121;198;9;14;8;0
12380;45;44;10;14;8;0
12381;11;198;9;14;8;0
12382;441;184;9;14;8;0
12383;431;184;9;14;8;0
12384;301;184;9;14;8;0
12385;171;184;9;14;8;0
12386;111;44;10;14;8;0
12387;436;394;8;14;8;0
12388;431;170;9;14;8;0
12389;144;44;10;14;8;0
12390;421;170;9;14;8;0
12391;391;170;9;14;8;0
12392;9;408;7;14;8;1
12393;445;394;8;14;8;1
12394;201;170;9;14;8;0
12395;171;170;9;14;8;0
12396;471;156;9;14;8;0
12397;461;156;9;14;8;0
12398;401;156;9;14;8;0
12399;351;156;9;14;8;0
12400;301;156;9;14;8;0
12401;281;156;9;14;8;0
12402;191;156;9;14;8;0
12403;181;156;9;14;8;0
12404;161;156;9;14;8;0
12405;121;156;9;14;8;0
12406;331;44;10;14;8;0
12407;101;156;9;14;8;0
12408;351;142;9;14;8;0
12409;201;142;9;14;8;0
12410;31;142;9;14;8;0
12411;411;128;9;14;8;0
12412;397;44;10;14;8;0
12413;408;44;10;14;8;0
12414;381;128;9;14;8;0
12415;371;128;9;14;8;0
12416;351;128;9;14;8;0
12417;141;128;9;14;8;0
12418;111;128;9;14;8;0
12419;454;394;8;14;8;0
12420;501;114;9;14;8;0
12421;489;394;7;14;8;1
12422;261;114;9;14;8;0
12423;481;394;7;14;8;1
12424;221;114;9;14;8;0
12425;211;114;9;14;8;0
12426;273;408;7;14;8;1
12427;111;114;9;14;8;0
12428;421;100;9;14;8;0
12429;401;100;9;14;8;0
12430;463;394;8;14;8;0
12431;11;100;9;14;8;0
12432;361;86;9;14;8;0
12433;351;86;9;14;8;0
12434;201;86;9;14;8;0
12435;111;86;9;14;8;0
12443;76;450;4;14;8;0
12444;81;450;4;14;8;0
12449;17;408;7;14;8;1
12450;151;72;9;14;8;0
12451;427;394;8;14;8;0
12452;210;58;9;14;8;0
12453;211;436;6;14;8;1
12454;409;394;8;14;8;1
12455;33;408;7;14;8;1
12456;250;58;9;14;8;0
12457;41;408;7;14;8;1
12458;270;58;9;14;8;0
12459;382;394;8;14;8;0
12460;290;58;9;14;8;0
12461;300;58;9;14;8;0
12462;310;58;9;14;8;0
12463;320;58;9;14;8;0
12464;330;58;9;14;8;0
12465;340;58;9;14;8;0
12466;350;58;9;14;8;0
12467;373;394;8;14;8;0
12468;370;58;9;14;8;0
12469;380;58;9;14;8;0
12470;390;58;9;14;8;0
12471;400;58;9;14;8;0
12472;410;58;9;14;8;0
12473;420;58;9;14;8;0
12474;430;58;9;14;8;0
12475;440;58;9;14;8;0
12476;450;58;9;14;8;0
12477;460;58;9;14;8;0
12478;470;58;9;14;8;0
12479;480;58;9;14;8;0
12480;490;58;9;14;8;0
12481;500;58;9;14;8;0
12482;199;58;10;14;8;0
12483;49;408;7;14;8;1
12484;21;72;9;14;8;0
12485;31;72;9;14;8;0
12486;41;72;9;14;8;0
12487;51;72;9;14;8;0
12488;355;394;8;14;8;1
12489;346;394;8;14;8;1
12490;81;72;9;14;8;0
12491;91;72;9;14;8;0
12492;101;72;9;14;8;0
12493;111;72;9;14;8;0
12494;337;394;8;14;8;0
12495;131;72;9;14;8;0
12496;141;72;9;14;8;0
12497;188;58;10;14;8;0
12498;65;408;7;14;8;1
12499;319;394;8;14;8;1
12500;310;394;8;14;8;1
12501;191;72;9;14;8;0
12502;201;72;9;14;8;0
12503;211;72;9;14;8;1
12504;221;72;9;14;8;0
12505;231;72;9;14;8;0
12506;241;72;9;14;8;0
12507;251;72;9;14;8;0
12508;177;58;10;14;8;0
12509;271;72;9;14;8;0
12510;281;72;9;14;8;0
12511;291;72;9;14;8;0
12512;301;72;9;14;8;0
12513;311;72;9;14;8;0
12514;321;72;9;14;8;0
12515;301;394;8;14;8;0
12516;341;72;9;14;8;0
12517;81;408;7;14;8;1
12518;361;72;9;14;8;0
12519;145;408;7;14;8;1
12520;274;394;8;14;8;0
12521;391;72;9;14;8;0
12522;185;408;7;14;8;1
12523;411;72;9;14;8;0
12524;256;394;8;14;8;1
12525;225;408;7;14;8;1
12526;233;408;7;14;8;1
12527;229;394;8;14;8;1
12528;461;72;9;14;8;0
12529;471;72;9;14;8;0
12530;220;394;8;14;8;1
12531;491;72;9;14;8;0
12532;501;72;9;14;8;1
12533;211;394;8;14;8;0
12534;202;394;8;14;8;0
12539;281;436;5;14;8;2
12540;31;86;9;14;8;0
19968;41;86;9;14;8;0
19969;51;86;9;14;8;0
19975;61;86;9;14;8;0
19976;155;58;10;14;8;-1
19977;81;86;9;14;8;0
19978;91;86;9;14;8;0
19979;101;86;9;14;8;0
19981;144;58;10;14;8;-1
19982;121;86;9;14;8;0
19990;131;86;9;14;8;0
20001;141;86;9;14;8;0
20006;151;86;9;14;8;0
20013;161;86;9;14;8;0
20024;171;86;9;14;8;0
20027;181;86;9;14;8;0
20037;191;86;9;14;8;0
20055;133;58;10;14;8;-1
20057;211;86;9;14;8;0
20081;221;86;9;14;8;0
20083;231;86;9;14;8;0
20102;241;86;9;14;8;0
20104;251;86;9;14;8;0
20105;261;86;9;14;8;0
20107;271;86;9;14;8;0
20108;281;86;9;14;8;0
20114;291;86;9;14;8;0
20117;301;86;9;14;8;0
20123;311;86;9;14;8;0
20129;321;86;9;14;8;0
20132;331;86;9;14;8;0
20139;341;86;9;14;8;0
20154;122;58;10;14;8;0
20161;111;58;10;14;8;-1
20170;371;86;9;14;8;0
20171;381;86;9;14;8;0
20181;391;86;9;14;8;0
20182;401;86;9;14;8;0
20184;411;86;9;14;8;0
20195;421;86;9;14;8;0
20196;431;86;9;14;8;0
20197;441;86;9;14;8;0
20206;451;86;9;14;8;0
20208;461;86;9;14;8;0
20210;471;86;9;14;8;0
20214;481;86;9;14;8;0
20219;491;86;9;14;8;0
20225;501;86;9;14;8;0
20241;1;100;9;14;8;0
20250;100;58;10;14;8;-1
20253;21;100;9;14;8;0
20280;31;100;9;14;8;0
20284;41;100;9;14;8;0
20301;51;100;9;14;8;0
20302;61;100;9;14;8;0
20303;71;100;9;14;8;0
20307;81;100;9;14;8;0
20309;91;100;9;14;8;0
20313;101;100;9;14;8;0
20316;111;100;9;14;8;0
20351;121;100;9;14;8;0
20363;131;100;9;14;8;0
20379;141;100;9;14;8;0
20381;151;100;9;14;8;0
20385;161;100;9;14;8;0
20398;171;100;9;14;8;0
20405;181;100;9;14;8;0
20415;89;58;10;14;8;0
20418;201;100;9;14;8;0
20445;211;100;9;14;8;0
20449;221;100;9;14;8;0
20462;231;100;9;14;8;0
20489;241;100;9;14;8;0
20491;251;100;9;14;8;0
20493;261;100;9;14;8;0
20498;271;100;9;14;8;0
20505;281;100;9;14;8;0
20511;291;100;9;14;8;0
20516;301;100;9;14;8;0
20553;311;100;9;14;8;0
20572;321;100;9;14;8;0
20581;331;100;9;14;8;0
20596;341;100;9;14;8;0
20598;351;100;9;14;8;0
20625;361;100;9;14;8;0
20633;371;100;9;14;8;0
20652;381;100;9;14;8;0
20663;391;100;9;14;8;0
20670;78;58;10;14;8;0
20685;411;100;9;14;8;0
20687;67;58;10;14;8;0
20693;431;100;9;14;8;0
20711;441;100;9;14;8;0
20736;451;100;9;14;8;0
20778;461;100;9;14;8;0
20803;471;100;9;14;8;0
20804;481;100;9;14;8;0
20805;491;100;9;14;8;0
20808;501;100;9;14;8;0
20809;1;114;9;14;8;0
20813;11;114;9;14;8;0
20814;21;114;9;14;8;0
20837;31;114;9;14;8;0
20840;41;114;9;14;8;0
20844;51;114;9;14;8;0
20845;61;114;9;14;8;0
20849;71;114;9;14;8;0
20853;81;114;9;14;8;0
20855;91;114;9;14;8;0
20856;101;114;9;14;8;0
20860;56;58;10;14;8;-1
20869;121;114;9;14;8;0
20877;131;114;9;14;8;0
20882;141;114;9;14;8;0
20889;151;114;9;14;8;0
20896;161;114;9;14;8;0
20908;171;114;9;14;8;0
20918;45;58;10;14;8;0
20919;191;114;9;14;8;0
20941;201;114;9;14;8;0
20961;34;58;10;14;8;-1
20966;23;58;10;14;8;0
20982;231;114;9;14;8;0
20986;241;114;9;14;8;0
20992;12;58;10;14;8;-1
20995;1;58;10;14;8;-1
20998;496;44;10;14;8;0
20999;281;114;9;14;8;0
21009;291;114;9;14;8;0
21015;301;114;9;14;8;0
21021;311;114;9;14;8;0
21028;321;114;9;14;8;0
21029;331;114;9;14;8;0
21033;184;394;8;14;8;0
21040;351;114;9;14;8;0
21046;361;114;9;14;8;0
21050;371;114;9;14;8;0
21051;381;114;9;14;8;0
21063;391;114;9;14;8;0
21066;401;114;9;14;8;0
21069;411;114;9;14;8;0
21091;421;114;9;14;8;0
21092;431;114;9;14;8;0
21103;441;114;9;14;8;0
21106;451;114;9;14;8;0
21109;461;114;9;14;8;0
21127;471;114;9;14;8;0
21147;481;114;9;14;8;0
21151;491;114;9;14;8;0
21152;485;44;10;14;8;-1
21155;1;128;9;14;8;0
21161;11;128;9;14;8;0
21162;21;128;9;14;8;0
21172;31;128;9;14;8;0
21177;41;128;9;14;8;0
21191;51;128;9;14;8;0
21193;61;128;9;14;8;0
21205;71;128;9;14;8;0
21208;81;128;9;14;8;0
21209;91;128;9;14;8;0
21213;474;44;10;14;8;-1
21215;463;44;10;14;8;-1
21218;121;128;9;14;8;0
21253;131;128;9;14;8;0
21270;452;44;10;14;8;-1
21271;151;128;9;14;8;0
21305;161;128;9;14;8;0
21306;171;128;9;14;8;0
21307;181;128;9;14;8;0
21313;191;128;9;14;8;0
21315;201;128;9;14;8;0
21322;211;128;9;14;8;0
21330;221;128;9;14;8;0
21332;231;128;9;14;8;0
21335;241;128;9;14;8;0
21336;251;128;9;14;8;0
21344;175;394;8;14;8;1
21360;271;128;9;14;8;0
21361;281;128;9;14;8;0
21363;291;128;9;14;8;0
21364;301;128;9;14;8;0
21375;311;128;9;14;8;0
21380;321;128;9;14;8;0
21402;331;128;9;14;8;0
21407;341;128;9;14;8;0
21416;441;44;10;14;8;0
21435;361;128;9;14;8;0
21442;430;44;10;14;8;-1
21451;419;44;10;14;8;0
21452;391;128;9;14;8;0
21453;401;128;9;14;8;0
21454;386;44;10;14;8;0
21462;421;128;9;14;8;0
21463;431;128;9;14;8;0
21475;166;394;8;14;8;1
21476;451;128;9;14;8;0
21477;461;128;9;14;8;0
21483;471;128;9;14;8;0
21484;481;128;9;14;8;0
21487;491;128;9;14;8;0
21488;501;128;9;14;8;0
21491;1;142;9;14;8;0
21495;11;142;9;14;8;0
21496;21;142;9;14;8;0
21508;375;44;10;14;8;-1
21512;41;142;9;14;8;0
21516;51;142;9;14;8;0
21517;61;142;9;14;8;0
21520;71;142;9;14;8;0
21521;81;142;9;14;8;0
21531;91;142;9;14;8;0
21542;101;142;9;14;8;0
21547;111;142;9;14;8;0
21560;121;142;9;14;8;0
21561;131;142;9;14;8;0
21578;141;142;9;14;8;0
21608;151;142;9;14;8;0
21610;161;142;9;14;8;0
21619;171;142;9;14;8;0
21621;181;142;9;14;8;0
21628;191;142;9;14;8;0
21629;364;44;10;14;8;0
21638;211;142;9;14;8;0
21644;221;142;9;14;8;0
21697;231;142;9;14;8;0
21729;241;142;9;14;8;0
21742;251;142;9;14;8;0
21807;261;142;9;14;8;0
21809;271;142;9;14;8;0
21830;281;142;9;14;8;0
21839;157;394;8;14;8;0
21914;301;142;9;14;8;0
21916;311;142;9;14;8;0
21942;321;142;9;14;8;0
21978;331;142;9;14;8;0
22082;341;142;9;14;8;0
22120;353;44;10;14;8;0
22132;361;142;9;14;8;0
22234;371;142;9;14;8;0
22235;148;394;8;14;8;0
22238;391;142;9;14;8;0
22243;401;142;9;14;8;0
22256;411;142;9;14;8;0
22258;421;142;9;14;8;0
22259;431;142;9;14;8;0
22266;441;142;9;14;8;0
22269;451;142;9;14;8;0
22290;461;142;9;14;8;0
22303;471;142;9;14;8;0
22311;481;142;9;14;8;0
22312;491;142;9;14;8;0
22320;501;142;9;14;8;0
22343;1;156;9;14;8;0
22346;11;156;9;14;8;0
22402;21;156;9;14;8;0
22411;31;156;9;14;8;0
22434;41;156;9;14;8;0
22467;51;156;9;14;8;0
22475;61;156;9;14;8;0
22478;71;156;9;14;8;0
22495;81;156;9;14;8;0
22519;91;156;9;14;8;0
22522;342;44;10;14;8;-1
22570;111;156;9;14;8;0
22577;320;44;10;14;8;0
22580;131;156;9;14;8;0
22602;141;156;9;14;8;0
22659;151;156;9;14;8;0
22675;309;44;10;14;8;-1
22679;171;156;9;14;8;0
22721;298;44;10;14;8;-1
22730;287;44;10;14;8;0
22763;201;156;9;14;8;0
22766;211;156;9;14;8;0
22768;221;156;9;14;8;0
22770;231;156;9;14;8;0
22793;241;156;9;14;8;0
22799;251;156;9;14;8;0
22806;261;156;9;14;8;0
22810;271;156;9;14;8;0
22812;276;44;10;14;8;-1
22818;291;156;9;14;8;0
22823;265;44;10;14;8;-1
22825;311;156;9;14;8;0
22827;321;156;9;14;8;0
22830;331;156;9;14;8;0
22833;341;156;9;14;8;0
22856;254;44;10;14;8;-1
22857;361;156;9;14;8;0
22863;371;156;9;14;8;0
22885;381;156;9;14;8;0
22888;391;156;9;14;8;0
22890;243;44;10;14;8;-1
22899;411;156;9;14;8;0
22909;421;156;9;14;8;0
22914;431;156;9;14;8;0
22937;441;156;9;14;8;0
22949;451;156;9;14;8;0
22969;232;44;10;14;8;0
22987;221;44;10;14;8;0
23019;481;156;9;14;8;0
23035;491;156;9;14;8;0
23039;501;156;9;14;8;0
23041;1;170;9;14;8;0
23064;11;170;9;14;8;0
23130;21;170;9;14;8;0
23142;31;170;9;14;8;0
23244;41;170;9;14;8;0
23265;51;170;9;14;8;0
23330;61;170;9;14;8;0
23376;71;170;9;14;8;0
23383;81;170;9;14;8;0
23384;91;170;9;14;8;0
23396;101;170;9;14;8;0
23398;111;170;9;14;8;0
23429;121;170;9;14;8;0
23432;131;170;9;14;8;0
23433;141;170;9;14;8;0
23436;151;170;9;14;8;0
23448;161;170;9;14;8;0
23450;210;44;10;14;8;-1
23453;181;170;9;14;8;0
23455;191;170;9;14;8;0
23458;199;44;10;14;8;-1
23459;211;170;9;14;8;0
23460;221;170;9;14;8;0
23470;231;170;9;14;8;0
23475;241;170;9;14;8;0
23478;251;170;9;14;8;0
23481;261;170;9;14;8;0
23487;188;44;10;14;8;-1
23492;281;170;9;14;8;0
23494;291;170;9;14;8;0
23500;301;170;9;14;8;0
23506;177;44;10;14;8;-1
23515;321;170;9;14;8;0
23517;331;170;9;14;8;0
23519;341;170;9;14;8;0
23534;351;170;9;14;8;0
23550;361;170;9;14;8;0
23553;371;170;9;14;8;0
23554;381;170;9;14;8;0
23556;166;44;10;14;8;0
23562;401;170;9;14;8;0
23566;411;170;9;14;8;0
23567;155;44;10;14;8;0
23569;133;44;10;14;8;0
23601;441;170;9;14;8;0
23613;451;170;9;14;8;0
23616;461;170;9;14;8;0
23621;471;170;9;14;8;0
23624;481;170;9;14;8;0
23626;491;170;9;14;8;0
23627;501;170;9;14;8;0
23637;1;184;9;14;8;0
23646;11;184;9;14;8;0
23652;21;184;9;14;8;0
23653;31;184;9;14;8;0
23665;41;184;9;14;8;0
23721;51;184;9;14;8;0
23769;61;184;9;14;8;0
23798;71;184;9;14;8;0
23815;81;184;9;14;8;0
23849;91;184;9;14;8;0
24029;101;184;9;14;8;0
24035;111;184;9;14;8;0
24037;121;184;9;14;8;0
24038;131;184;9;14;8;0
24040;139;394;8;14;8;1
24046;151;184;9;14;8;0
24049;161;184;9;14;8;0
24059;100;44;10;14;8;-1
24066;181;184;9;14;8;0
24067;191;184;9;14;8;0
24076;201;184;9;14;8;0
24093;211;184;9;14;8;0
24107;221;184;9;14;8;0
24109;231;184;9;14;8;0
24111;241;184;9;14;8;0
24112;251;184;9;14;8;0
24115;261;184;9;14;8;0
24120;271;184;9;14;8;0
24125;281;184;9;14;8;0
24133;291;184;9;14;8;0
24149;89;44;10;14;8;-1
24179;311;184;9;14;8;0
24180;321;184;9;14;8;0
24184;331;184;9;14;8;0
24188;341;184;9;14;8;0
24190;351;184;9;14;8;0
24195;361;184;9;14;8;0
24202;371;184;9;14;8;0
24207;381;184;9;14;8;0
24213;391;184;9;14;8;0
24215;401;184;9;14;8;0
24230;411;184;9;14;8;0
24231;421;184;9;14;8;0
24235;78;44;10;14;8;0
24237;67;44;10;14;8;0
24247;451;184;9;14;8;0
24259;461;184;9;14;8;0
24266;471;184;9;14;8;0
24310;481;184;9;14;8;0
24311;491;184;9;14;8;0
24314;501;184;9;14;8;0
24324;1;198;9;14;8;0
24330;56;44;10;14;8;0
24335;21;198;9;14;8;0
24341;31;198;9;14;8;0
24358;41;198;9;14;8;0
24369;51;198;9;14;8;0
24373;61;198;9;14;8;0
24375;71;198;9;14;8;0
24382;81;198;9;14;8;0
24403;130;394;8;14;8;1
24418;101;198;9;14;8;0
24425;111;198;9;14;8;0
24427;21;394;9;14;8;0
24432;131;198;9;14;8;0
24433;141;198;9;14;8;0
24441;151;198;9;14;8;0
24444;161;198;9;14;8;0
24449;171;198;9;14;8;0
24453;181;198;9;14;8;0
24459;191;198;9;14;8;0
24460;201;198;9;14;8;0
24467;211;198;9;14;8;0
24471;221;198;9;14;8;0
24481;231;198;9;14;8;0
24489;241;198;9;14;8;0
24499;23;44;10;14;8;0
24515;12;44;10;14;8;-1
24517;271;198;9;14;8;0
24525;281;198;9;14;8;0
24535;291;198;9;14;8;0
24536;301;198;9;14;8;0
24537;311;198;9;14;8;0
24540;1;44;10;14;8;0
24544;331;198;9;14;8;0
24555;341;198;9;14;8;0
24565;351;198;9;14;8;0
24594;361;198;9;14;8;0
24598;371;198;9;14;8;0
24605;381;198;9;14;8;0
24613;391;198;9;14;8;0
24615;401;198;9;14;8;0
24618;411;198;9;14;8;0
24651;421;198;9;14;8;0
24653;431;198;9;14;8;0
24656;441;198;9;14;8;0
24677;451;198;9;14;8;0
24681;461;198;9;14;8;0
24687;471;198;9;14;8;0
24693;481;198;9;14;8;0
24724;491;198;9;14;8;0
24735;501;198;9;14;8;0
24745;1;212;9;14;8;0
24746;11;212;9;14;8;0
24754;21;212;9;14;8;0
24773;31;212;9;14;8;0
24785;41;212;9;14;8;0
24794;51;212;9;14;8;0
24808;61;212;9;14;8;0
24819;496;30;10;14;8;0
24841;81;212;9;14;8;0
24847;485;30;10;14;8;-1
24858;101;212;9;14;8;0
24859;111;212;9;14;8;0
24863;121;212;9;14;8;0
24904;131;212;9;14;8;0
24907;141;212;9;14;8;0
24931;151;212;9;14;8;0
24942;161;212;9;14;8;0
25014;171;212;9;14;8;0
25040;181;212;9;14;8;0
25074;191;212;9;14;8;0
25104;201;212;9;14;8;0
25105;211;212;9;14;8;0
25126;221;212;9;14;8;0
25144;231;212;9;14;8;0
25151;241;212;9;14;8;0
25152;251;212;9;14;8;0
25161;261;212;9;14;8;0
25163;271;212;9;14;8;0
25165;281;212;9;14;8;0
25171;474;30;10;14;8;0
25173;301;212;9;14;8;0
25201;311;212;9;14;8;0
25215;321;212;9;14;8;0
25216;331;212;9;14;8;0
25226;341;212;9;14;8;0
25233;351;212;9;14;8;0
25237;361;212;9;14;8;0
25239;371;212;9;14;8;0
25240;381;212;9;14;8;0
25244;391;212;9;14;8;0
25246;401;212;9;14;8;0
25259;411;212;9;14;8;0
25265;421;212;9;14;8;0
25269;431;212;9;14;8;0
25273;441;212;9;14;8;0
25276;451;212;9;14;8;0
25285;461;212;9;14;8;0
25293;471;212;9;14;8;0
25296;481;212;9;14;8;0
25298;491;212;9;14;8;0
25307;501;212;9;14;8;0
25309;1;226;9;14;8;0
25312;11;226;9;14;8;0
25313;21;226;9;14;8;0
25335;31;226;9;14;8;0
25342;41;226;9;14;8;0
25345;51;226;9;14;8;0
25351;61;226;9;14;8;0
25361;71;226;9;14;8;0
25369;81;226;9;14;8;0
25387;463;30;10;14;8;0
25391;101;226;9;14;8;0
25429;111;226;9;14;8;0
25436;121;226;9;14;8;0
25448;131;226;9;14;8;0
25475;141;226;9;14;8;0
25480;151;226;9;14;8;0
25490;161;226;9;14;8;0
25496;171;226;9;14;8;0
25499;452;30;10;14;8;0
25505;191;226;9;14;8;0
25506;441;30;10;14;8;0
25509;211;226;9;14;8;0
25512;221;226;9;14;8;0
25551;231;226;9;14;8;0
25552;241;226;9;14;8;0
25563;430;30;10;14;8;0
25569;261;226;9;14;8;0
25582;271;226;9;14;8;0
25588;281;226;9;14;8;0
25594;291;226;9;14;8;0
25613;301;226;9;14;8;0
25662;311;226;9;14;8;0
25666;321;226;9;14;8;0
25705;419;30;10;14;8;0
25731;341;226;9;14;8;0
25774;351;226;9;14;8;0
25793;361;226;9;14;8;0
25805;371;226;9;14;8;0
25903;381;226;9;14;8;0
25913;391;226;9;14;8;0
25915;401;226;9;14;8;0
25918;411;226;9;14;8;0
25919;421;226;9;14;8;0
25925;431;226;9;14;8;0
25937;441;226;9;14;8;0
25943;408;30;10;14;8;-1
25945;461;226;9;14;8;0
25954;471;226;9;14;8;0
25955;481;226;9;14;8;0
25964;397;30;10;14;8;-1
25968;386;30;10;14;8;-1
25972;1;240;9;14;8;0
25973;11;240;9;14;8;0
25975;364;30;10;14;8;-1
25991;31;240;9;14;8;0
26007;41;240;9;14;8;0
26009;51;240;9;14;8;0
26023;61;240;9;14;8;0
26029;71;240;9;14;8;0
26032;81;240;9;14;8;0
26041;91;240;9;14;8;0
26045;101;240;9;14;8;0
26053;111;240;9;14;8;0
26063;1;2;10;14;8;-1
26085;257;408;7;14;8;1
26089;141;240;9;14;8;0
26118;151;240;9;14;8;0
26119;161;240;9;14;8;0
26126;171;240;9;14;8;0
26131;181;240;9;14;8;0
26132;191;240;9;14;8;0
26143;201;240;9;14;8;0
26144;211;240;9;14;8;0
26149;353;30;10;14;8;-1
26151;231;240;9;14;8;0
26152;241;240;9;14;8;0
26172;342;30;10;14;8;0
26178;261;240;9;14;8;0
26217;271;240;9;14;8;0
26222;281;240;9;14;8;0
26223;291;240;9;14;8;0
26228;301;240;9;14;8;0
26230;311;240;9;14;8;0
26247;321;240;9;14;8;0
26263;331;240;9;14;8;0
26286;331;30;10;14;8;-1
26292;351;240;9;14;8;0
26332;361;240;9;14;8;0
26354;371;240;9;14;8;0
26356;381;240;9;14;8;0
26360;391;240;9;14;8;0
26367;401;240;9;14;8;0
26368;411;240;9;14;8;0
26376;103;394;8;14;8;0
26377;431;240;9;14;8;0
26381;320;30;10;14;8;0
26391;451;240;9;14;8;0
26395;461;240;9;14;8;0
26397;471;240;9;14;8;0
26399;481;240;9;14;8;0
26408;298;30;10;14;8;-1
26410;287;30;10;14;8;-1
26411;276;30;10;14;8;-1
26412;265;30;10;14;8;-1
26413;21;254;9;14;8;0
26441;31;254;9;14;8;0
26448;41;254;9;14;8;0
26463;254;30;10;14;8;-1
26469;243;30;10;14;8;-1
26479;221;30;10;14;8;-1
26481;210;30;10;14;8;-1
26495;199;30;10;14;8;-1
26512;101;254;9;14;8;0
26517;155;30;10;14;8;-1
26522;121;254;9;14;8;0
26524;144;30;10;14;8;-1
26525;141;254;9;14;8;0
26528;151;254;9;14;8;0
26543;111;30;10;14;8;-1
26564;171;254;9;14;8;0
26576;89;30;10;14;8;-1
26579;78;30;10;14;8;-1
26609;67;30;10;14;8;-1
26628;56;30;10;14;8;-1
26657;34;30;10;14;8;-1
26666;231;254;9;14;8;0
26680;23;30;10;14;8;-1
26681;12;30;10;14;8;-1
26684;1;30;10;14;8;-1
26696;271;254;9;14;8;0
26800;281;254;9;14;8;0
26820;291;254;9;14;8;0
26834;301;254;9;14;8;0
26842;311;254;9;14;8;0
26862;321;254;9;14;8;0
26866;331;254;9;14;8;0
26908;341;254;9;14;8;0
26989;496;16;10;14;8;0
26997;361;254;9;14;8;0
27005;485;16;10;14;8;-1
27083;381;254;9;14;8;0
27096;474;16;10;14;8;-1
27161;401;254;9;14;8;0
27177;463;16;10;14;8;-1
27178;421;254;9;14;8;0
27211;431;254;9;14;8;0
27231;441;254;9;14;8;0
27396;451;254;9;14;8;0
27424;461;254;9;14;8;0
27425;452;16;10;14;8;0
27442;481;254;9;14;8;0
27468;491;254;9;14;8;0
27475;441;16;10;14;8;-1
27490;1;268;9;14;8;0
27491;11;268;9;14;8;0
27492;21;268;9;14;8;0
27494;31;268;9;14;8;0
27497;41;268;9;14;8;0
27503;51;268;9;14;8;0
27507;430;16;10;14;8;0
27508;71;268;9;14;8;0
27515;419;16;10;14;8;-1
27530;91;268;9;14;8;0
27531;101;268;9;14;8;0
27572;111;268;9;14;8;0
27573;121;268;9;14;8;0
27578;131;268;9;14;8;0
27583;408;16;10;14;8;0
27597;151;268;9;14;8;0
27598;161;268;9;14;8;0
27602;171;268;9;14;8;0
27604;181;268;9;14;8;0
27611;191;268;9;14;8;0
27663;201;268;9;14;8;0
27665;211;268;9;14;8;0
27671;221;268;9;14;8;0
27700;231;268;9;14;8;0
27703;241;268;9;14;8;0
27704;251;268;9;14;8;0
27713;261;268;9;14;8;0
27714;271;268;9;14;8;0
27735;281;268;9;14;8;0
27738;291;268;9;14;8;0
27744;301;268;9;14;8;0
27770;311;268;9;14;8;0
27784;397;16;10;14;8;0
27788;386;16;10;14;8;0
27809;341;268;9;14;8;0
27833;94;394;8;14;8;0
27835;361;268;9;14;8;0
27841;371;268;9;14;8;0
27849;381;268;9;14;8;0
27850;391;268;9;14;8;0
27861;401;268;9;14;8;0
27873;411;268;9;14;8;0
27874;421;268;9;14;8;0
27875;431;268;9;14;8;0
27880;441;268;9;14;8;0
27888;451;268;9;14;8;0
27891;461;268;9;14;8;0
27915;471;268;9;14;8;0
27927;481;268;9;14;8;0
27934;491;268;9;14;8;0
27963;501;268;9;14;8;0
27966;1;282;9;14;8;0
27969;11;282;9;14;8;0
27972;21;282;9;14;8;0
28014;31;282;9;14;8;0
28020;41;282;9;14;8;0
28023;51;282;9;14;8;0
28040;375;16;10;14;8;0
28057;71;282;9;14;8;0
28079;81;282;9;14;8;0
28082;91;282;9;14;8;0
28129;101;282;9;14;8;0
28145;111;282;9;14;8;0
28149;121;282;9;14;8;0
28151;131;282;9;14;8;0
28165;141;282;9;14;8;0
28168;151;282;9;14;8;0
28171;161;282;9;14;8;0
28187;171;282;9;14;8;0
28193;364;16;10;14;8;0
28201;191;282;9;14;8;0
28204;201;282;9;14;8;0
28246;211;282;9;14;8;0
28271;221;282;9;14;8;0
28287;231;282;9;14;8;0
28288;241;282;9;14;8;0
28304;342;16;10;14;8;0
28310;261;282;9;14;8;0
28342;271;282;9;14;8;0
28357;281;282;9;14;8;0
28382;291;282;9;14;8;0
28436;301;282;9;14;8;0
28450;311;282;9;14;8;0
28500;321;282;9;14;8;0
28608;331;282;9;14;8;0
28655;341;282;9;14;8;0
28734;351;282;9;14;8;0
28779;361;282;9;14;8;0
28783;371;282;9;14;8;0
28797;381;282;9;14;8;0
28814;391;282;9;14;8;0
28857;401;282;9;14;8;0
28858;411;282;9;14;8;0
28937;421;282;9;14;8;0
28961;431;282;9;14;8;0
28966;441;282;9;14;8;0
28982;451;282;9;14;8;0
28988;461;282;9;14;8;0
29017;471;282;9;14;8;0
29031;320;16;10;14;8;0
29087;491;282;9;14;8;0
29105;501;282;9;14;8;0
29123;1;296;9;14;8;0
29190;11;296;9;14;8;0
29211;21;296;9;14;8;0
29238;31;296;9;14;8;0
29255;41;296;9;14;8;0
29256;309;16;10;14;8;0
29275;61;296;9;14;8;0
29282;71;296;9;14;8;0
29289;81;296;9;14;8;0
29305;91;296;9;14;8;0
29359;101;296;9;14;8;0
29366;111;296;9;14;8;0
29401;121;296;9;14;8;0
29420;131;296;9;14;8;0
29436;141;296;9;14;8;0
29483;151;296;9;14;8;0
29486;161;296;9;14;8;0
29508;171;296;9;14;8;0
29539;181;296;9;14;8;0
29554;191;296;9;14;8;0
29575;201;296;9;14;8;0
29577;211;296;9;14;8;0
29579;221;296;9;14;8;0
29694;231;296;9;14;8;0
29699;241;296;9;14;8;0
29702;251;296;9;14;8;0
29872;298;16;10;14;8;0
29976;271;296;9;14;8;0
29983;281;296;9;14;8;0
29987;291;296;9;14;8;0
29992;301;296;9;14;8;0
30001;311;296;9;14;8;0
30003;321;296;9;14;8;0
30007;331;296;9;14;8;0
30010;341;296;9;14;8;0
30011;351;296;9;14;8;0
30028;361;296;9;14;8;0
30044;371;296;9;14;8;0
30053;381;296;9;14;8;0
30058;287;16;10;14;8;0
30064;401;296;9;14;8;0
30097;411;296;9;14;8;0
30130;421;296;9;14;8;0
30149;431;296;9;14;8;0
30151;441;296;9;14;8;0
30171;451;296;9;14;8;0
30274;461;296;9;14;8;0
30330;471;296;9;14;8;0
30331;276;16;10;14;8;-1
30333;85;394;8;14;8;1
30334;501;296;9;14;8;0
30340;1;310;9;14;8;0
30342;11;310;9;14;8;0
30382;21;310;9;14;8;0
30399;31;310;9;14;8;0
30423;41;310;9;14;8;0
30427;51;310;9;14;8;0
30435;61;310;9;14;8;0
30436;71;310;9;14;8;0
30446;265;408;7;14;8;1
30452;91;310;9;14;8;0
30456;101;310;9;14;8;0
30462;111;310;9;14;8;0
30465;121;310;9;14;8;0
30475;131;310;9;14;8;0
30495;141;310;9;14;8;0
30496;151;310;9;14;8;0
30519;265;16;10;14;8;0
30522;171;310;9;14;8;0
30528;181;310;9;14;8;0
30636;191;310;9;14;8;0
30643;201;310;9;14;8;0
30683;211;310;9;14;8;0
30690;254;16;10;14;8;-1
30693;231;310;9;14;8;0
30701;241;310;9;14;8;0
30707;251;310;9;14;8;0
30722;232;16;10;14;8;-1
30741;221;16;10;14;8;-1
30770;210;16;10;14;8;-1
30772;291;310;9;14;8;0
30906;301;310;9;14;8;0
30952;199;16;10;14;8;0
30990;321;310;9;14;8;0
31034;188;16;10;14;8;0
31036;341;310;9;14;8;0
31038;351;310;9;14;8;0
31048;361;310;9;14;8;0
31069;371;310;9;14;8;0
31070;381;310;9;14;8;0
31085;166;16;10;14;8;0
31105;401;310;9;14;8;0
31168;411;310;9;14;8;0
31169;421;310;9;14;8;0
31185;431;310;9;14;8;0
31186;441;310;9;14;8;0
31192;451;310;9;14;8;0
31209;461;310;9;14;8;0
31216;155;16;10;14;8;-1
31227;481;310;9;14;8;0
31243;491;310;9;14;8;0
31246;501;310;9;14;8;0
31278;144;16;10;14;8;-1
31292;133;16;10;14;8;-1
31295;122;16;10;14;8;-1
31309;31;324;9;14;8;0
31311;41;324;9;14;8;0
31348;67;394;8;14;8;0
31350;61;324;9;14;8;0
31354;71;324;9;14;8;0
31361;81;324;9;14;8;0
31379;91;324;9;14;8;0
31391;101;324;9;14;8;0
31435;111;324;9;14;8;0
31452;121;324;9;14;8;0
31461;131;324;9;14;8;0
31471;141;324;9;14;8;0
31478;151;324;9;14;8;0
31505;161;324;9;14;8;0
31526;171;324;9;14;8;0
31532;181;324;9;14;8;0
31561;191;324;9;14;8;0
31563;201;324;9;14;8;0
31568;211;324;9;14;8;0
31572;221;324;9;14;8;0
31639;231;324;9;14;8;0
31649;241;324;9;14;8;0
31665;111;16;10;14;8;0
31680;261;324;9;14;8;0
31684;271;324;9;14;8;0
31689;281;324;9;14;8;0
31777;100;16;10;14;8;0
31881;89;16;10;14;8;-1
31934;78;16;10;14;8;-1
31958;321;324;9;14;8;0
31992;331;324;9;14;8;0
31995;341;324;9;14;8;0
32004;351;324;9;14;8;0
32013;361;324;9;14;8;0
32020;371;324;9;14;8;0
32025;381;324;9;14;8;0
32026;391;324;9;14;8;0
32027;401;324;9;14;8;0
32032;411;324;9;14;8;0
32034;421;324;9;14;8;0
32048;431;324;9;14;8;0
32051;441;324;9;14;8;0
32057;451;324;9;14;8;0
32066;461;324;9;14;8;0
32068;67;16;10;14;8;0
32076;45;16;10;14;8;0
32080;491;324;9;14;8;0
32097;501;324;9;14;8;0
32098;1;338;9;14;8;0
32102;11;338;9;14;8;0
32113;21;338;9;14;8;0
32117;31;338;9;14;8;0
32118;41;338;9;14;8;0
32153;51;338;9;14;8;0
32154;61;338;9;14;8;0
32173;71;338;9;14;8;0
32191;81;338;9;14;8;0
32202;91;338;9;14;8;0
32209;101;338;9;14;8;0
32218;111;338;9;14;8;0
32232;121;338;9;14;8;0
32244;131;338;9;14;8;0
32257;141;338;9;14;8;0
32260;151;338;9;14;8;0
32283;161;338;9;14;8;0
32294;171;338;9;14;8;0
32302;181;338;9;14;8;0
32318;191;338;9;14;8;0
32321;34;16;10;14;8;-1
32368;211;338;9;14;8;0
32618;221;338;9;14;8;0
32622;231;338;9;14;8;0
32624;58;394;8;14;8;0
32654;251;338;9;14;8;0
32676;261;338;9;14;8;0
32680;271;338;9;14;8;0
32681;281;338;9;14;8;0
32701;291;338;9;14;8;0
32722;301;338;9;14;8;0
32763;311;338;9;14;8;0
32764;321;338;9;14;8;0
32769;331;338;9;14;8;0
32771;341;338;9;14;8;0
32773;351;338;9;14;8;0
32784;361;338;9;14;8;0
32819;371;338;9;14;8;0
32854;381;338;9;14;8;0
32862;49;394;8;14;8;0
32884;401;338;9;14;8;0
32887;411;338;9;14;8;0
32905;421;338;9;14;8;0
32925;431;338;9;14;8;0
32930;23;16;10;14;8;0
32937;451;338;9;14;8;0
32946;461;338;9;14;8;0
32963;471;338;9;14;8;0
32966;481;338;9;14;8;0
32972;491;338;9;14;8;0
32990;12;16;10;14;8;0
33012;1;16;10;14;8;-1
33016;11;352;9;14;8;0
33021;21;352;9;14;8;0
33050;496;2;10;14;8;-1
33073;485;2;10;14;8;0
33075;463;2;10;14;8;-1
33104;61;352;9;14;8;0
33109;441;2;10;14;8;-1
33136;81;352;9;14;8;0
33144;91;352;9;14;8;0
33145;430;2;10;14;8;-1
33192;419;2;10;14;8;-1
33222;408;2;10;14;8;-1
33251;40;394;8;14;8;1
33258;385;408;7;14;8;1
33261;151;352;9;14;8;0
33267;161;352;9;14;8;0
33268;171;352;9;14;8;0
33288;181;352;9;14;8;0
33292;191;352;9;14;8;0
33310;201;352;9;14;8;0
33311;211;352;9;14;8;0
33337;397;2;10;14;8;-1
33391;231;352;9;14;8;0
33394;241;352;9;14;8;0
33457;375;2;10;14;8;-1
33464;261;352;9;14;8;0
33509;271;352;9;14;8;0
33510;281;352;9;14;8;0
33521;291;352;9;14;8;0
33590;301;352;9;14;8;0
33609;311;352;9;14;8;0
33618;321;352;9;14;8;0
33624;331;352;9;14;8;0
33655;364;2;10;14;8;-1
33747;351;352;9;14;8;0
33775;361;352;9;14;8;0
33853;371;352;9;14;8;0
33865;381;352;9;14;8;0
33900;391;352;9;14;8;0
33988;401;352;9;14;8;0
34101;411;352;9;14;8;0
34220;342;2;10;14;8;-1
34384;431;352;9;14;8;0
34394;441;352;9;14;8;0
34396;451;352;9;14;8;0
34411;331;2;10;14;8;0
34509;471;352;9;14;8;0
34542;481;352;9;14;8;0
34678;491;352;9;14;8;0
34701;501;352;9;14;8;0
34880;1;366;9;14;8;0
34892;11;366;9;14;8;0
34899;21;366;9;14;8;0
34903;31;366;9;14;8;0
34909;41;366;9;14;8;0
34913;51;366;9;14;8;0
34915;320;2;10;14;8;-1
34920;71;366;9;14;8;0
34955;309;2;10;14;8;-1
34966;91;366;9;14;8;0
34987;101;366;9;14;8;0
35009;265;2;10;14;8;-1
35013;121;366;9;14;8;0
35023;131;366;9;14;8;0
35036;141;366;9;14;8;0
35069;151;366;9;14;8;0
35079;161;366;9;14;8;0
35090;171;366;9;14;8;0
35186;181;366;9;14;8;0
35199;191;366;9;14;8;0
35201;201;366;9;14;8;0
35206;211;366;9;14;8;0
35207;221;366;9;14;8;0
35211;231;366;9;14;8;0
35215;254;2;10;14;8;-1
35222;251;366;9;14;8;0
35226;243;2;10;14;8;-1
35239;271;366;9;14;8;0
35242;281;366;9;14;8;0
35251;291;366;9;14;8;0
35282;301;366;9;14;8;0
35299;232;2;10;14;8;0
35302;188;2;10;14;8;0
35328;331;366;9;14;8;0
35336;341;366;9;14;8;0
35342;351;366;9;14;8;0
35347;361;366;9;14;8;0
35352;371;366;9;14;8;0
35370;381;366;9;14;8;0
35373;391;366;9;14;8;0
35377;401;366;9;14;8;0
35379;411;366;9;14;8;0
35382;421;366;9;14;8;0
35388;431;366;9;14;8;0
35413;441;366;9;14;8;0
35430;451;366;9;14;8;0
35433;461;366;9;14;8;0
35440;471;366;9;14;8;0
35441;481;366;9;14;8;0
35463;491;366;9;14;8;0
35465;177;2;10;14;8;-1
35469;1;380;9;14;8;0
35475;11;380;9;14;8;0
35477;21;380;9;14;8;0
35480;31;380;9;14;8;0
35486;41;380;9;14;8;0
35488;51;380;9;14;8;0
35492;61;380;9;14;8;0
35500;71;380;9;14;8;0
35501;81;380;9;14;8;0
35504;91;380;9;14;8;0
35506;101;380;9;14;8;0
35519;111;380;9;14;8;0
35527;121;380;9;14;8;0
35531;131;380;9;14;8;0
35542;166;2;10;14;8;0
35558;151;380;9;14;8;0
35576;161;380;9;14;8;0
35582;171;380;9;14;8;0
35611;181;380;9;14;8;0
35613;191;380;9;14;8;0
35617;201;380;9;14;8;0
35635;211;380;9;14;8;0
35672;133;2;10;14;8;0
35686;231;380;9;14;8;0
35696;241;380;9;14;8;0
35703;251;380;9;14;8;0
35914;261;380;9;14;8;0
35937;271;380;9;14;8;0
35946;281;380;9;14;8;0
35997;291;380;9;14;8;0
36000;301;380;9;14;8;0
36001;122;2;10;14;8;-1
36002;321;380;9;14;8;0
36008;331;380;9;14;8;0
36009;111;2;10;14;8;-1
36011;351;380;9;14;8;0
36012;89;2;10;14;8;-1
36015;78;2;10;14;8;-1
36020;381;380;9;14;8;0
36023;67;2;10;14;8;0
36024;401;380;9;14;8;0
36027;411;380;9;14;8;0
36039;421;380;9;14;8;0
36042;56;2;10;14;8;-1
36059;441;380;9;14;8;0
36060;45;2;10;14;8;-1
36062;461;380;9;14;8;0
36066;471;380;9;14;8;0
36074;481;380;9;14;8;0
36077;34;2;10;14;8;-1
36092;23;2;10;14;8;-1
36104;12;2;10;14;8;-1
36196;11;394;9;14;8;0
36208;34;44;10;14;8;-1
36215;141;352;9;14;8;0
36229;131;352;9;14;8;0
36234;391;338;9;14;8;0
36259;241;338;9;14;8;0
36275;51;324;9;14;8;0
36321;81;310;9;14;8;0
36335;491;296;9;14;8;0
36339;351;268;9;14;8;0
36362;421;240;9;14;8;0
36367;131;240;9;14;8;0
36468;121;240;9;14;8;0
36523;91;198;9;14;8;0
36554;141;184;9;14;8;0
36557;381;142;9;14;8;0
36562;291;142;9;14;8;0
36578;441;128;9;14;8;0
36605;261;128;9;14;8;0
36637;341;114;9;14;8;0
36649;21;86;9;14;8;0
36650;11;86;9;14;8;0
36763;1;86;9;14;8;0
36785;481;72;9;14;8;0
36794;451;72;9;14;8;0
36795;441;72;9;14;8;0
36796;166;58;10;14;8;-1
36805;421;72;9;14;8;0
36814;401;72;9;14;8;0
36817;381;72;9;14;8;0
36820;371;72;9;14;8;0
36843;351;72;9;14;8;0
36855;331;72;9;14;8;0
36861;181;72;9;14;8;0
36864;171;72;9;14;8;0
36865;161;72;9;14;8;0
36867;121;72;9;14;8;0
36870;71;72;9;14;8;0
36884;61;72;9;14;8;0
36890;11;72;9;14;8;0
36895;360;58;9;14;8;0
36896;280;58;9;14;8;0
36899;260;58;9;14;8;0
36914;240;58;9;14;8;0
36930;230;58;9;14;8;0
36933;220;58;9;14;8;0
36938;1;72;9;14;8;0
36939;261;72;9;14;8;0
36942;431;72;9;14;8;0
36947;71;86;9;14;8;0
36948;191;100;9;14;8;0
36949;181;114;9;14;8;0
36960;251;114;9;14;8;0
36969;271;114;9;14;8;0
36973;101;128;9;14;8;0
36984;271;170;9;14;8;0
36991;311;170;9;14;8;0
37034;122;44;10;14;8;-1
37048;321;198;9;14;8;0
37070;71;212;9;14;8;0
37096;181;226;9;14;8;0
37117;331;226;9;14;8;0
37197;451;226;9;14;8;0
37237;251;240;9;14;8;0
37239;441;240;9;14;8;0
37240;309;30;10;14;8;0
37266;491;240;9;14;8;0
37325;1;254;9;14;8;0
37326;51;254;9;14;8;0
37327;61;254;9;14;8;0
37329;232;30;10;14;8;-1
37341;71;254;9;14;8;0
37347;81;254;9;14;8;0
37504;188;30;10;14;8;-1
37507;177;30;10;14;8;-1
37624;166;30;10;14;8;-1
37682;111;254;9;14;8;0
37723;133;30;10;14;8;0
37782;122;30;10;14;8;-1
37799;100;30;10;14;8;-1
37857;211;254;9;14;8;0
37969;45;30;10;14;8;0
38263;241;254;9;14;8;0
38272;247;394;8;14;8;0
38281;238;394;8;14;8;0
38283;193;394;8;14;8;0
38289;121;394;8;14;8;0
38291;112;394;8;14;8;0
38306;76;394;8;14;8;0
38343;472;394;8;14;8;0
38360;251;254;9;14;8;0
38450;261;254;9;14;8;0
38459;351;254;9;14;8;0
38477;371;254;9;14;8;0
38480;391;254;9;14;8;0
38491;411;254;9;14;8;0
38500;471;254;9;14;8;0
38522;501;254;9;14;8;0
38525;61;268;9;14;8;0
38538;81;268;9;14;8;0
38542;141;268;9;14;8;0
38543;321;268;9;14;8;0
38555;331;268;9;14;8;0
38556;61;282;9;14;8;0
38560;181;282;9;14;8;0
38596;353;16;10;14;8;-1
38597;251;282;9;14;8;0
38598;331;16;10;14;8;0
38599;481;282;9;14;8;0
38604;51;296;9;14;8;0
38609;261;296;9;14;8;0
38626;391;296;9;14;8;0
38627;481;296;9;14;8;0
38632;161;310;9;14;8;0
38634;221;310;9;14;8;0
38640;243;16;10;14;8;-1
38642;261;310;9;14;8;0
38647;271;310;9;14;8;0
38651;281;310;9;14;8;0
38656;311;310;9;14;8;0
38684;331;310;9;14;8;0
38695;177;16;10;14;8;0
38706;391;310;9;14;8;0
38738;471;310;9;14;8;0
38745;1;324;9;14;8;0
38750;11;324;9;14;8;0
38754;21;324;9;14;8;0
38761;251;324;9;14;8;0
38899;291;324;9;14;8;0
38911;301;324;9;14;8;0
38915;311;324;9;14;8;0
38917;471;324;9;14;8;0
38918;56;16;10;14;8;0
38920;481;324;9;14;8;0
38928;201;338;9;14;8;0
38936;441;338;9;14;8;0
38957;501;338;9;14;8;0
38972;1;352;9;14;8;0
38988;31;352;9;14;8;0
38989;41;352;9;14;8;0
38996;474;2;10;14;8;-1
39000;51;352;9;14;8;0
39080;452;2;10;14;8;0
39131;71;352;9;14;8;0
39135;101;352;9;14;8;0
39154;111;352;9;14;8;0
39164;121;352;9;14;8;0
39166;221;352;9;14;8;0
39178;386;2;10;14;8;-1
39208;251;352;9;14;8;0
39318;341;352;9;14;8;0
39321;353;2;10;14;8;0
39361;421;352;9;14;8;0
39366;461;352;9;14;8;0
39378;61;366;9;14;8;0
39438;81;366;9;14;8;0
39442;298;2;10;14;8;0
39443;287;2;10;14;8;0
39514;276;2;10;14;8;-1
39592;111;366;9;14;8;0
39640;241;366;9;14;8;0
39658;261;366;9;14;8;0
39740;311;366;9;14;8;0
39749;221;2;10;14;8;-1
39764;210;2;10;14;8;0
39854;199;2;10;14;8;-1
40165;321;366;9;14;8;0
40180;501;366;9;14;8;0
40599;141;380;9;14;8;0
40614;155;2;10;14;8;0
40644;144;2;10;14;8;-1
40658;221;380;9;14;8;0
40665;311;380;9;14;8;0
40723;341;380;9;14;8;0
40736;100;2;10;14;8;0
40763;361;380;9;14;8;0
40802;371;380;9;14;8;0
65281;121;450;3;14;8;3
65285;31;394;8;14;8;1
65286;377;408;7;14;8;1
65288;6;450;4;14;8;5
65289;21;450;4;14;8;0
65290;369;408;7;14;8;1
65291;361;408;7;14;8;1
65293;353;408;7;14;8;1
65294;117;450;3;14;8;0
65295;391;380;9;14;8;0
65296;337;408;7;14;8;1
65297;26;450;4;14;8;2
65298;321;408;7;14;8;1
65299;313;408;7;14;8;1
65300;491;422;6;14;8;1
65301;305;408;7;14;8;1
65302;297;408;7;14;8;1
65303;1;436;6;14;8;2
65304;289;408;7;14;8;1
65305;281;408;7;14;8;1
65306;113;450;3;14;8;3
65309;217;408;7;14;8;1
65311;36;436;6;14;8;2
65313;209;408;7;14;8;1
65314;50;436;6;14;8;2
65315;201;408;7;14;8;1
65316;193;408;7;14;8;1
65317;329;436;5;14;8;2
65318;323;436;5;14;8;2
65319;265;394;8;14;8;0
65320;161;408;7;14;8;1
65321;109;450;3;14;8;3
65322;61;450;4;14;8;2
65323;113;436;6;14;8;2
65324;305;436;5;14;8;2
65325;431;380;9;14;8;0
65326;137;408;7;14;8;1
65327;451;380;9;14;8;0
65328;148;436;6;14;8;2
65329;491;380;9;14;8;0
65330;162;436;6;14;8;2
65331;129;408;7;14;8;1
65332;121;408;7;14;8;1
65333;113;408;7;14;8;1
65334;497;394;7;14;8;1
65335;501;380;9;14;8;0
65336;1;408;7;14;8;1
65337;25;408;7;14;8;1
65338;241;408;7;14;8;1
65345;225;436;6;14;8;1
65346;232;436;6;14;8;2
65347;239;436;6;14;8;1
65348;246;436;6;14;8;1
65349;249;408;7;14;8;1
65350;86;450;4;14;8;2
65351;393;408;7;14;8;1
65352;425;436;5;14;8;2
65353;105;450;3;14;8;3
65354;287;436;5;14;8;2
65355;293;436;5;14;8;2
65356;101;450;3;14;8;3
65357;283;394;8;14;8;1
65358;311;436;5;14;8;2
65359;153;408;7;14;8;1
65360;78;436;6;14;8;2
65361;71;436;6;14;8;1
65362;36;450;4;14;8;3
65363;341;436;5;14;8;2
65364;31;450;4;14;8;2
65365;353;436;5;14;8;2
65366;359;436;5;14;8;2
65367;329;408;7;14;8;1
65368;345;408;7;14;8;1
65369;421;422;6;14;8;2
65370;383;436;5;14;8;2
65374;1;394;9;14;8;0
65382;414;422;6;14;5;0
65383;386;422;6;14;5;0
65384;407;436;5;14;5;0
65385;413;436;5;14;5;1
65388;379;422;6;14;5;0
65389;372;422;6;14;5;0
65390;431;436;5;14;5;0
65391;351;422;6;14;5;0
65392;337;422;6;14;5;0
65393;316;422;6;14;5;0
65394;253;422;6;14;5;0
65395;246;422;6;14;5;0
65396;141;422;6;14;5;0
65397;22;422;6;14;5;0
65398;8;422;6;14;5;0
65399;1;422;6;14;5;0
65400;492;408;6;14;5;0
65401;450;408;6;14;5;0
65402;429;408;6;14;5;0
65403;422;408;6;14;5;0
65404;428;422;6;14;5;0
65405;442;422;6;14;5;0
65406;505;422;6;14;5;0
65407;8;436;6;14;5;0
65408;15;436;6;14;5;0
65409;29;436;6;14;5;0
65410;43;436;6;14;5;0
65411;57;436;6;14;5;0
65412;347;436;5;14;5;1
65413;92;436;6;14;5;0
65414;106;436;6;14;5;0
65416;120;436;6;14;5;0
65417;134;436;6;14;5;0
65418;169;436;6;14;5;0
65419;317;436;5;14;5;1
65420;176;436;6;14;5;0
65421;183;436;6;14;5;0
65422;190;436;6;14;5;0
65423;204;436;6;14;5;0
65424;218;436;6;14;5;0
65425;253;436;6;14;5;0
65426;274;436;6;14;5;0
65427;197;436;6;14;5;0
65428;260;436;6;14;5;0
65430;99;436;6;14;5;0
65431;22;436;6;14;5;0
65432;371;436;5;14;5;1
65433;393;422;6;14;5;0
65434;335;436;5;14;5;1
65435;395;436;5;14;5;0
65436;408;408;6;14;5;0
65437;148;422;6;14;5;0
65438;442;436;4;14;5;0
65439;91;450;4;14;5;0
