"HappyRuikaKyohkan-07";30;False;False;0;1;1;1
32;349;578;1;32;10;0
33;1363;546;8;32;12;3
34;1060;546;13;32;17;2
35;1670;482;24;32;27;2
36;1417;514;19;32;22;2
37;1345;450;27;32;29;2
38;1137;482;25;32;26;2
39;1372;546;8;32;11;2
40;1102;546;13;32;15;3
41;914;546;14;32;15;0
42;1156;546;12;32;15;2
43;1177;514;19;32;22;2
44;1321;546;10;32;11;0
45;703;546;15;32;18;2
46;1381;546;7;32;11;3
47;1397;514;19;32;20;1
48;339;514;21;32;23;1
49;1593;514;18;32;23;3
50;972;514;20;32;23;2
51;405;514;21;32;23;1
52;93;514;22;32;23;1
53;449;514;21;32;23;1
54;1014;514;20;32;23;2
55;1035;514;20;32;23;2
56;24;514;22;32;23;1
57;801;514;21;32;23;1
58;1405;546;7;32;12;3
59;1299;546;10;32;13;1
60;1857;514;17;32;20;2
61;1197;514;19;32;22;2
62;1821;514;17;32;20;2
63;1056;514;20;32;22;1
64;897;450;27;32;29;2
65;1033;482;25;32;24;0
66;162;514;22;32;24;2
67;1840;482;23;32;24;1
68;427;514;21;32;24;2
69;1317;514;19;32;22;2
70;1117;514;19;32;21;2
71;1912;482;23;32;25;1
72;691;514;21;32;25;2
73;734;546;14;32;16;1
74;888;514;20;32;22;1
75;1936;482;23;32;24;2
76;1297;514;19;32;20;2
77;869;450;27;32;29;2
78;1;514;22;32;25;2
79;1595;482;24;32;25;1
80;537;514;21;32;23;2
81;1570;482;24;32;26;2
82;1864;482;23;32;24;2
83;361;514;21;32;22;1
84;139;514;22;32;21;0
85;757;514;21;32;25;2
86;773;482;25;32;24;0
87;404;258;30;32;30;0
88;1545;482;24;32;23;0
89;1520;482;24;32;23;0
90;493;514;21;32;22;1
91;1182;546;12;32;15;3
92;2006;482;22;32;23;1
93;1195;546;11;32;15;1
94;1875;514;17;32;19;1
95;1046;546;13;32;12;0
96;1219;546;11;32;12;1
97;1783;514;18;32;20;1
98;1764;514;18;32;20;2
99;1726;514;18;32;19;1
100;1688;514;18;32;20;1
101;1137;514;19;32;20;1
102;575;546;15;32;14;0
103;1669;514;18;32;20;1
104;1631;514;18;32;20;2
105;1277;546;10;32;11;0
106;1231;546;11;32;12;0
107;1257;514;19;32;20;2
108;1288;546;10;32;11;2
109;1495;482;24;32;27;2
110;1612;514;18;32;20;2
111;1357;514;19;32;20;1
112;1517;514;18;32;20;2
113;2029;482;18;32;20;1
114;809;546;14;32;15;2
115;1802;514;18;32;19;1
116;671;546;15;32;15;0
117;1574;514;18;32;20;2
118;930;514;20;32;19;0
119;352;482;26;32;25;0
120;823;514;21;32;20;0
121;735;514;21;32;20;0
122;1911;514;17;32;18;1
123;989;546;14;32;15;1
124;1413;546;6;32;11;3
125;719;546;14;32;15;1
126;867;514;20;32;21;1
8213;1531;386;29;32;30;1
8220;103;546;16;32;30;15
8221;341;546;16;32;30;0
8230;1501;386;29;32;30;1
8251;841;450;27;32;30;2
8592;1471;386;29;32;30;1
8593;1077;514;19;32;30;6
8594;1201;418;28;32;30;2
8595;1097;514;19;32;30;6
8800;565;482;25;32;30;3
9675;539;482;25;32;30;3
9733;1377;34;31;32;30;0
9834;625;514;21;32;30;5
9839;1888;482;23;32;30;4
12288;337;578;1;32;30;0
12289;1143;546;12;32;30;1
12290;1169;546;12;32;30;1
12293;433;482;26;32;30;2
12300;764;546;14;32;30;16
12301;779;546;14;32;30;1
12302;794;546;14;32;30;16
12303;1074;546;13;32;30;1
12353;1293;482;25;32;30;3
12354;785;450;27;32;30;2
12355;1470;482;24;32;30;4
12356;757;450;27;32;30;2
12357;513;482;25;32;30;3
12358;729;450;27;32;30;2
12359;673;450;27;32;30;2
12360;1351;386;29;32;30;1
12361;406;482;26;32;30;3
12362;1375;418;28;32;30;2
12363;1201;386;29;32;30;2
12364;590;194;30;32;30;1
12365;379;482;26;32;30;3
12366;1171;386;29;32;30;2
12367;1445;482;24;32;30;3
12368;617;450;27;32;30;3
12369;589;450;27;32;30;3
12370;1021;386;29;32;30;2
12371;617;482;25;32;30;3
12372;991;386;29;32;30;2
12373;325;482;26;32;30;3
12374;1462;418;28;32;30;3
12375;298;482;26;32;30;4
12376;271;482;26;32;30;4
12377;1491;418;28;32;30;2
12378;931;386;29;32;30;2
12379;901;386;29;32;30;1
12380;218;194;30;32;30;1
12381;1520;418;28;32;30;1
12382;871;386;29;32;30;2
12383;225;450;27;32;30;2
12384;141;450;27;32;30;2
12385;113;450;27;32;30;2
12386;781;386;29;32;30;2
12387;851;482;25;32;30;3
12388;57;450;27;32;30;2
12389;1694;418;28;32;30;2
12390;29;450;27;32;30;2
12391;1752;418;28;32;30;2
12392;877;482;25;32;30;3
12393;1982;418;27;32;30;3
12394;751;386;29;32;30;1
12395;190;482;26;32;30;3
12396;661;386;29;32;30;1
12397;631;386;29;32;30;1
12398;1954;418;27;32;30;2
12399;1839;418;28;32;30;2
12400;571;386;29;32;30;2
12401;541;386;29;32;30;2
12402;1868;418;28;32;30;2
12403;1897;418;28;32;30;2
12404;1810;418;28;32;30;2
12405;421;386;29;32;30;1
12406;1179;162;30;32;30;1
12407;1086;162;30;32;30;1
12408;331;386;29;32;30;1
12409;241;386;29;32;30;1
12410;181;386;29;32;30;1
12411;1781;418;28;32;30;2
12412;61;386;29;32;30;2
12413;1921;354;29;32;30;2
12414;1723;418;28;32;30;2
12415;1861;354;29;32;30;1
12416;1665;418;28;32;30;2
12417;1831;354;29;32;30;1
12418;85;450;27;32;30;2
12419;1905;450;27;32;30;2
12420;1801;354;29;32;30;1
12421;1395;482;24;32;30;4
12422;1607;418;28;32;30;2
12423;163;482;26;32;30;3
12424;1591;354;29;32;30;1
12425;82;482;26;32;30;3
12426;1111;482;25;32;30;3
12427;55;482;26;32;30;3
12428;1471;354;29;32;30;1
12429;28;482;26;32;30;3
12430;169;450;27;32;30;2
12431;1411;354;29;32;30;1
12432;1381;354;29;32;30;1
12433;1351;354;29;32;30;1
12434;1231;354;29;32;30;1
12435;1201;354;29;32;30;1
12443;1207;546;11;32;30;0
12444;1343;546;9;32;30;0
12449;1241;482;25;32;30;3
12450;197;450;27;32;30;2
12451;109;482;26;32;30;2
12452;1549;418;28;32;30;1
12453;955;482;25;32;30;3
12454;505;450;27;32;30;2
12455;487;482;25;32;30;3
12456;533;450;27;32;30;2
12457;695;482;25;32;30;3
12458;561;450;27;32;30;2
12459;217;482;26;32;30;2
12460;1433;418;28;32;30;2
12461;1404;418;28;32;30;2
12462;1346;418;28;32;30;2
12463;1317;418;28;32;30;1
12464;993;130;30;32;30;1
12465;991;354;29;32;30;1
12466;961;354;29;32;30;1
12467;903;482;25;32;30;3
12468;1288;418;28;32;30;3
12469;901;354;29;32;30;1
12470;962;130;30;32;30;1
12471;1259;418;28;32;30;2
12472;1172;418;28;32;30;2
12473;871;354;29;32;30;1
12474;900;130;30;32;30;1
12475;1143;418;28;32;30;1
12476;841;354;29;32;30;1
12477;1085;418;28;32;30;2
12478;811;354;29;32;30;2
12479;1056;418;28;32;30;1
12480;528;130;30;32;30;1
12481;781;354;29;32;30;1
12482;466;130;30;32;30;1
12483;953;450;27;32;30;2
12484;751;354;29;32;30;1
12485;721;354;29;32;30;1
12486;1037;450;27;32;30;2
12487;311;130;30;32;30;1
12488;1645;482;24;32;30;5
12489;1420;482;24;32;30;5
12490;691;354;29;32;30;1
12491;1093;450;27;32;30;2
12492;1121;450;27;32;30;2
12493;661;354;29;32;30;1
12494;1744;482;23;32;30;3
12495;631;354;29;32;30;1
12496;2017;34;30;32;30;1
12497;2017;66;30;32;30;1
12498;2016;450;26;32;30;3
12499;882;418;28;32;30;3
12500;1177;450;27;32;30;3
12501;1205;450;27;32;30;2
12502;601;354;29;32;30;2
12503;1;130;30;32;30;1
12504;571;354;29;32;30;1
12505;541;354;29;32;30;1
12506;94;130;30;32;30;1
12507;511;354;29;32;30;1
12508;481;354;29;32;30;1
12509;451;354;29;32;30;1
12510;1233;450;27;32;30;2
12511;721;482;25;32;30;3
12512;737;418;28;32;30;2
12513;1317;450;27;32;30;2
12514;1401;450;27;32;30;2
12515;591;482;25;32;30;3
12516;361;354;29;32;30;1
12517;669;482;25;32;30;3
12518;1429;450;27;32;30;2
12519;1816;482;23;32;30;4
12520;460;482;26;32;30;3
12521;1457;450;27;32;30;2
12522;1345;482;24;32;30;4
12523;271;354;29;32;30;1
12524;1;482;26;32;30;4
12525;1569;450;27;32;30;2
12526;1215;482;25;32;30;3
12527;1597;450;27;32;30;2
12528;1625;450;27;32;30;2
12529;1653;450;27;32;30;2
12530;1681;450;27;32;30;2
12531;447;418;28;32;30;2
12532;211;354;29;32;30;2
12533;1370;482;24;32;30;3
12534;136;482;26;32;30;2
12539;1353;546;9;32;30;11
12540;1765;450;27;32;30;2
19968;151;354;29;32;30;1
19969;331;418;28;32;30;1
19975;121;354;29;32;30;1
19976;331;578;1;32;30;0
19977;91;354;29;32;30;1
19978;31;354;29;32;30;1
19979;1;354;29;32;30;1
19981;641;98;31;32;30;0
19982;329;578;1;32;30;0
19990;1334;130;30;32;30;1
20001;1891;322;29;32;30;1
20006;1831;322;29;32;30;1
20013;1636;418;28;32;30;2
20024;1458;130;30;32;30;1
20027;1801;322;29;32;30;1
20037;481;98;31;32;30;0
20055;1551;130;30;32;30;0
20057;327;578;1;32;30;0
20081;385;98;31;32;30;0
20083;1644;130;30;32;30;0
20102;325;578;1;32;30;0
20104;1741;322;29;32;30;1
20105;1737;130;30;32;30;0
20107;1768;130;30;32;30;1
20108;1711;322;29;32;30;1
20114;323;578;1;32;30;0
20117;321;578;1;32;30;0
20123;319;578;1;32;30;0
20129;1681;322;29;32;30;1
20132;1954;130;30;32;30;1
20139;317;578;1;32;30;0
20154;193;98;31;32;30;0
20161;1;162;30;32;30;0
20170;129;98;31;32;30;0
20171;315;578;1;32;30;0
20181;94;162;30;32;30;0
20182;125;162;30;32;30;0
20184;156;162;30;32;30;0
20195;97;98;31;32;30;0
20196;1;98;31;32;30;0
20197;249;162;30;32;30;1
20206;280;162;30;32;30;0
20208;313;578;1;32;30;0
20210;342;162;30;32;30;0
20214;373;162;30;32;30;0
20219;404;162;30;32;30;0
20225;311;578;1;32;30;0
20241;1857;66;31;32;30;0
20250;1825;66;31;32;30;0
20253;528;162;30;32;30;0
20280;309;578;1;32;30;0
20284;1793;66;31;32;30;0
20301;621;162;30;32;30;0
20302;1761;66;31;32;30;0
20303;683;162;30;32;30;0
20307;1729;66;31;32;30;0
20309;745;162;30;32;30;0
20313;1697;66;31;32;30;0
20316;807;162;30;32;30;0
20351;1665;66;31;32;30;0
20363;869;162;30;32;30;-1
20379;1569;66;31;32;30;0
20381;307;578;1;32;30;0
20385;962;162;30;32;30;0
20398;305;578;1;32;30;0
20405;303;578;1;32;30;0
20415;1505;66;31;32;30;0
20418;1441;66;31;32;30;0
20445;1117;162;30;32;30;0
20449;1148;162;30;32;30;0
20462;1409;66;31;32;30;0
20491;1210;162;30;32;30;0
20493;1241;162;30;32;30;0
20498;301;578;1;32;30;0
20505;1303;162;30;32;30;0
20511;1334;162;30;32;30;0
20516;1365;162;30;32;30;0
20553;299;578;1;32;30;0
20572;1427;162;30;32;30;0
20581;1313;66;31;32;30;-1
20596;1489;162;30;32;30;-1
20598;297;578;1;32;30;0
20605;295;578;1;32;30;0
20625;293;578;1;32;30;0
20633;1613;162;30;32;30;0
20652;291;578;1;32;30;0
20653;289;578;1;32;30;0
20663;1706;162;30;32;30;0
20670;287;578;1;32;30;0
20685;1768;162;30;32;30;0
20687;1185;66;31;32;30;0
20693;285;578;1;32;30;0
20711;283;578;1;32;30;0
20736;281;578;1;32;30;0
20778;929;66;31;32;30;0
20803;1531;322;29;32;30;1
20804;1985;162;30;32;30;0
20805;279;578;1;32;30;0
20808;1471;322;29;32;30;1
20809;1441;322;29;32;30;1
20811;277;578;1;32;30;0
20813;275;578;1;32;30;0
20814;273;578;1;32;30;0
20837;705;66;31;32;30;0
20840;609;66;31;32;30;0
20844;577;66;31;32;30;0
20845;249;194;30;32;30;1
20849;1411;322;29;32;30;1
20853;1381;322;29;32;30;1
20855;1351;322;29;32;30;1
20856;1321;322;29;32;30;1
20860;271;578;1;32;30;0
20869;1933;450;27;32;30;2
20870;1961;450;27;32;30;2
20877;1261;322;29;32;30;1
20882;269;578;1;32;30;0
20889;1201;322;29;32;30;1
20896;267;578;1;32;30;0
20908;33;66;31;32;30;0
20918;265;578;1;32;30;0
20919;1;66;31;32;30;0
20941;263;578;1;32;30;0
20957;261;578;1;32;30;0
20961;259;578;1;32;30;0
20966;807;194;30;32;30;0
20982;257;578;1;32;30;0
20986;1877;450;27;32;30;2
20992;1849;450;27;32;30;1
20995;255;578;1;32;30;0
20998;1665;34;31;32;30;0
20999;993;194;30;32;30;0
21002;389;418;28;32;30;1
21009;253;578;1;32;30;0
21015;991;322;29;32;30;0
21021;1117;194;30;32;30;0
21028;961;322;29;32;30;1
21029;871;322;29;32;30;0
21033;418;418;28;32;30;1
21038;251;578;1;32;30;0
21040;249;578;1;32;30;0
21046;1303;194;30;32;30;0
21050;247;578;1;32;30;0
21051;181;418;29;32;30;1
21063;721;322;29;32;30;0
21066;245;578;1;32;30;0
21069;691;322;29;32;30;1
21091;243;578;1;32;30;0
21092;241;578;1;32;30;0
21103;661;322;29;32;30;1
21106;563;418;28;32;30;1
21109;1613;194;30;32;30;0
21127;601;322;29;32;30;0
21147;592;418;28;32;30;1
21151;541;322;29;32;30;1
21152;511;322;29;32;30;0
21155;239;578;1;32;30;0
21161;1799;194;30;32;30;0
21162;1830;194;30;32;30;1
21172;391;322;29;32;30;1
21177;361;322;29;32;30;0
21191;621;418;28;32;30;1
21193;1954;194;30;32;30;0
21205;181;322;29;32;30;1
21208;237;578;1;32;30;0
21209;1281;34;31;32;30;0
21213;1185;34;31;32;30;0
21215;235;578;1;32;30;0
21218;1153;34;31;32;30;0
21253;125;226;30;32;30;0
21270;156;226;30;32;30;0
21271;91;322;29;32;30;1
21305;233;578;1;32;30;0
21306;650;418;28;32;30;2
21307;679;418;28;32;30;2
21313;31;322;29;32;30;1
21315;2015;290;29;32;30;1
21322;1985;290;29;32;30;1
21330;1925;290;29;32;30;1
21332;435;226;30;32;30;0
21335;1895;290;29;32;30;1
21336;1865;290;29;32;30;1
21338;528;226;30;32;30;1
21344;231;578;1;32;30;0
21360;708;418;28;32;30;2
21361;621;226;30;32;30;0
21363;229;578;1;32;30;0
21364;227;578;1;32;30;0
21365;1805;290;29;32;30;0
21375;225;578;1;32;30;0
21380;223;578;1;32;30;0
21402;807;226;30;32;30;0
21407;838;226;30;32;30;0
21416;221;578;1;32;30;0
21427;900;226;30;32;30;0
21435;1565;290;29;32;30;1
21442;769;34;31;32;30;0
21451;993;226;30;32;30;1
21452;219;578;1;32;30;0
21453;1055;226;30;32;30;0
21454;1086;226;30;32;30;1
21462;737;34;31;32;30;0
21463;1148;226;30;32;30;1
21475;1319;482;25;32;30;3
21476;1535;290;29;32;30;1
21477;1415;290;29;32;30;0
21483;217;578;1;32;30;0
21484;215;578;1;32;30;0
21487;1385;290;29;32;30;1
21488;1365;226;30;32;30;1
21490;1355;290;29;32;30;1
21491;1325;290;29;32;30;1
21495;1175;290;29;32;30;1
21496;1009;450;27;32;30;2
21508;417;34;31;32;30;0
21512;385;34;31;32;30;0
21516;981;450;27;32;30;2
21517;1145;290;29;32;30;0
21520;213;578;1;32;30;0
21521;925;450;27;32;30;2
21531;1706;226;30;32;30;0
21542;129;34;31;32;30;0
21547;211;578;1;32;30;0
21560;1799;226;30;32;30;1
21561;209;578;1;32;30;0
21578;1085;290;29;32;30;1
21608;1025;290;29;32;30;0
21610;207;578;1;32;30;0
21619;1954;226;30;32;30;1
21621;205;578;1;32;30;0
21628;1230;418;28;32;30;2
21629;1;34;31;32;30;0
21638;203;578;1;32;30;0
21644;875;290;29;32;30;1
21682;201;578;1;32;30;0
21697;845;290;29;32;30;1
21729;1953;2;31;32;30;0
21742;199;578;1;32;30;0
21807;197;578;1;32;30;0
21809;725;290;29;32;30;1
21830;665;290;29;32;30;1
21839;645;450;27;32;30;2
21914;195;578;1;32;30;0
21916;575;290;29;32;30;1
21927;193;578;1;32;30;0
21942;545;290;29;32;30;1
21978;191;578;1;32;30;0
22120;1665;2;31;32;30;0
22132;189;578;1;32;30;0
22234;187;578;1;32;30;0
22235;477;450;27;32;30;2
22238;449;450;27;32;30;2
22243;421;450;27;32;30;2
22256;393;450;27;32;30;2
22258;365;450;27;32;30;2
22259;337;450;27;32;30;2
22266;309;450;27;32;30;2
22269;281;450;27;32;30;2
22290;253;450;27;32;30;2
22303;515;290;29;32;30;1
22311;900;258;30;32;30;0
22312;485;290;29;32;30;1
22320;962;258;30;32;30;1
22343;455;290;29;32;30;1
22346;185;578;1;32;30;0
22402;425;290;29;32;30;1
22411;395;290;29;32;30;1
22434;183;578;1;32;30;0
22467;181;578;1;32;30;0
22475;179;578;1;32;30;0
22478;1210;258;30;32;30;0
22495;609;2;31;32;30;0
22519;177;578;1;32;30;0
22522;513;2;31;32;30;0
22570;175;578;1;32;30;0
22577;1365;258;30;32;30;1
22580;1396;258;30;32;30;0
22602;173;578;1;32;30;0
22659;1458;258;30;32;30;0
22675;353;2;31;32;30;0
22679;1520;258;30;32;30;0
22721;171;578;1;32;30;0
22730;169;578;1;32;30;0
22732;167;578;1;32;30;0
22763;215;290;29;32;30;1
22766;165;578;1;32;30;0
22768;1706;258;30;32;30;0
22770;185;290;29;32;30;1
22793;225;2;31;32;30;0
22799;1799;258;30;32;30;1
22806;193;2;31;32;30;0
22810;1861;258;30;32;30;0
22812;129;2;31;32;30;0
22818;155;290;29;32;30;1
22823;1954;258;30;32;30;1
22825;1985;258;30;32;30;1
22827;2016;258;30;32;30;0
22830;65;2;31;32;30;0
22833;125;290;29;32;30;1
22855;163;578;1;32;30;0
22856;161;578;1;32;30;0
22857;159;578;1;32;30;0
22863;97;2;31;32;30;0
22885;157;578;1;32;30;0
22888;155;578;1;32;30;0
22890;153;578;1;32;30;0
22899;275;290;29;32;30;1
22909;545;2;31;32;30;0
22914;151;578;1;32;30;0
22916;149;578;1;32;30;0
22937;147;578;1;32;30;0
22949;145;578;1;32;30;0
22985;993;258;30;32;30;0
22987;897;2;31;32;30;0
23019;143;578;1;32;30;0
23039;435;258;30;32;30;1
23041;141;578;1;32;30;0
23064;139;578;1;32;30;0
23130;137;578;1;32;30;0
23142;280;258;30;32;30;0
23244;135;578;1;32;30;0
23265;133;578;1;32;30;0
23330;131;578;1;32;30;0
23376;785;290;29;32;30;1
23383;815;290;29;32;30;1
23384;125;258;30;32;30;0
23396;127;578;1;32;30;0
23398;905;290;29;32;30;1
23429;935;290;29;32;30;1
23432;965;290;29;32;30;1
23433;995;290;29;32;30;1
23436;1892;226;30;32;30;0
23448;1055;290;29;32;30;1
23450;1861;226;30;32;30;0
23453;1115;290;29;32;30;1
23455;1613;226;30;32;30;1
23458;449;34;31;32;30;0
23459;1205;290;29;32;30;1
23460;1235;290;29;32;30;1
23470;1265;290;29;32;30;1
23475;1295;290;29;32;30;1
23478;1427;226;30;32;30;1
23481;481;34;31;32;30;0
23487;1334;226;30;32;30;0
23490;125;578;1;32;30;0
23492;1445;290;29;32;30;1
23494;63;290;30;32;30;1
23500;1505;290;29;32;30;1
23506;673;34;31;32;30;0
23515;123;578;1;32;30;0
23517;121;578;1;32;30;0
23534;119;578;1;32;30;0
23550;776;226;30;32;30;0
23553;117;578;1;32;30;0
23554;1715;290;29;32;30;1
23556;801;34;31;32;30;0
23562;1775;290;29;32;30;1
23566;714;226;30;32;30;0
23567;961;34;31;32;30;0
23569;993;34;31;32;30;0
23601;466;226;30;32;30;0
23613;115;578;1;32;30;0
23616;1955;290;29;32;30;0
23621;373;226;30;32;30;0
23624;113;578;1;32;30;0
23626;1;322;29;32;30;0
23627;311;226;30;32;30;0
23637;218;226;30;32;30;0
23646;187;226;30;32;30;0
23652;121;322;29;32;30;0
23653;111;578;1;32;30;0
23665;813;450;27;32;30;2
23721;1923;194;30;32;30;0
23769;109;578;1;32;30;0
23798;1114;418;28;32;30;2
23815;107;578;1;32;30;0
23849;103;578;1;32;30;0
23888;101;578;1;32;30;0
24029;1027;418;28;32;30;0
24035;1768;194;30;32;30;1
24037;451;322;29;32;30;1
24038;481;322;29;32;30;1
24040;99;578;1;32;30;0
24046;1706;194;30;32;30;0
24049;911;418;28;32;30;2
24059;1409;34;31;32;30;0
24066;631;322;29;32;30;1
24067;1551;194;30;32;30;0
24076;1458;194;30;32;30;0
24093;97;578;1;32;30;0
24107;853;418;28;32;30;2
24109;1241;194;30;32;30;0
24111;811;322;29;32;30;1
24112;1210;194;30;32;30;0
24115;1179;194;30;32;30;1
24120;901;322;29;32;30;1
24125;95;578;1;32;30;0
24133;1148;194;30;32;30;1
24149;1569;34;31;32;30;0
24178;1021;322;29;32;30;1
24179;1051;322;29;32;30;1
24180;1081;322;29;32;30;1
24184;1111;322;29;32;30;1
24188;1055;194;30;32;30;0
24190;93;578;1;32;30;0
24195;193;66;31;32;30;0
24202;91;578;1;32;30;0
24207;497;194;30;32;30;0
24213;404;194;30;32;30;0
24215;373;194;30;32;30;0
24230;342;194;30;32;30;0
24231;513;66;31;32;30;0
24235;280;194;30;32;30;0
24237;32;194;30;32;30;0
24247;1;194;30;32;30;0
24259;89;578;1;32;30;0
24310;1954;162;30;32;30;0
24311;85;578;1;32;30;0
24314;1217;66;31;32;30;0
24330;77;578;1;32;30;0
24335;63;162;30;32;30;1
24341;1373;450;27;32;30;2
24358;75;578;1;32;30;0
24369;1706;130;30;32;30;0
24373;1771;322;29;32;30;1
24375;1489;130;30;32;30;1
24382;73;578;1;32;30;0
24403;1485;450;27;32;30;2
24418;513;98;31;32;30;0
24425;69;578;1;32;30;0
24427;67;578;1;32;30;0
24432;53;578;1;32;30;0
24433;51;578;1;32;30;0
24441;673;98;31;32;30;0
24444;47;578;1;32;30;0
24449;33;578;1;32;30;0
24453;1;2;31;32;30;0
24459;1117;130;30;32;30;0
24460;801;98;31;32;30;0
24466;1089;98;31;32;30;0
24467;1217;98;31;32;30;0
24471;776;130;30;32;30;0
24481;31;578;1;32;30;0
24489;1377;98;31;32;30;0
24499;1409;98;31;32;30;0
24515;1569;98;31;32;30;0
24517;1633;98;31;32;30;0
24525;29;578;1;32;30;0
24535;187;130;30;32;30;1
24536;156;130;30;32;30;1
24537;23;578;1;32;30;0
24540;1697;98;31;32;30;0
24544;1761;98;31;32;30;0
24555;1793;98;31;32;30;0
24565;1857;98;31;32;30;0
24594;21;578;1;32;30;0
24598;19;578;1;32;30;0
24605;404;130;30;32;30;1
24613;1537;98;31;32;30;0
24615;497;130;30;32;30;0
24618;17;578;1;32;30;0
24651;15;578;1;32;30;0
24653;13;578;1;32;30;0
24656;11;578;1;32;30;0
24677;9;578;1;32;30;0
24681;961;98;31;32;30;0
24687;929;98;31;32;30;0
24693;7;578;1;32;30;0
24724;3;578;1;32;30;0
24735;1;578;1;32;30;0
24745;2046;546;1;32;30;0
24746;449;98;31;32;30;0
24754;1613;130;30;32;30;1
24773;1675;130;30;32;30;0
24785;2042;546;1;32;30;0
24794;2034;546;1;32;30;0
24796;2032;546;1;32;30;0
24808;2030;546;1;32;30;0
24819;257;98;31;32;30;0
24841;2028;546;1;32;30;0
24847;2016;130;30;32;30;1
24858;2026;546;1;32;30;0
24859;187;162;30;32;30;1
24863;65;98;31;32;30;0
24904;2024;546;1;32;30;0
24907;33;98;31;32;30;0
24931;1985;66;31;32;30;0
24942;2014;546;1;32;30;0
24974;2010;546;1;32;30;0
25014;2006;546;1;32;30;0
25040;2004;546;1;32;30;0
25074;2002;546;1;32;30;0
25104;435;162;30;32;30;0
25105;466;162;30;32;30;1
25126;652;162;30;32;30;1
25151;1998;546;1;32;30;0
25152;838;162;30;32;30;0
25161;1992;546;1;32;30;0
25163;1951;354;29;32;30;1
25165;1981;354;29;32;30;1
25171;2011;354;29;32;30;1
25173;1984;546;1;32;30;0
25201;1982;546;1;32;30;0
25215;1601;66;31;32;30;0
25216;900;162;30;32;30;1
25226;1978;546;1;32;30;0
25233;1976;546;1;32;30;0
25237;993;162;30;32;30;1
25239;1974;546;1;32;30;0
25240;1055;162;30;32;30;0
25244;1972;546;1;32;30;0
25246;1966;546;1;32;30;0
25259;1962;546;1;32;30;0
25265;1960;546;1;32;30;0
25269;1958;546;1;32;30;0
25273;1954;546;1;32;30;0
25276;1948;546;1;32;30;0
25285;1458;162;30;32;30;0
25293;1946;546;1;32;30;0
25296;1942;546;1;32;30;0
25298;1940;546;1;32;30;0
25307;601;386;29;32;30;1
25309;1830;162;30;32;30;1
25312;1938;546;1;32;30;0
25313;1057;66;31;32;30;0
25335;1936;546;1;32;30;0
25342;1025;66;31;32;30;1
25345;125;194;30;32;30;0
25351;156;194;30;32;30;0
25361;1932;546;1;32;30;0
25369;641;66;31;32;30;0
25387;1924;546;1;32;30;0
25391;1918;546;1;32;30;0
25429;1916;546;1;32;30;0
25436;1912;546;1;32;30;0
25448;528;194;30;32;30;1
25475;1908;546;1;32;30;0
25480;559;194;30;32;30;1
25490;1906;546;1;32;30;0
25496;1904;546;1;32;30;0
25505;129;66;31;32;30;0
25506;621;194;30;32;30;1
25509;1231;386;29;32;30;1
25511;1902;546;1;32;30;0
25512;1291;386;29;32;30;1
25522;345;578;1;32;30;0
25551;1892;546;1;32;30;0
25552;1729;34;31;32;30;0
25563;1890;546;1;32;30;0
25569;1888;546;1;32;30;0
25582;32;226;30;32;30;0
25588;1878;546;1;32;30;0
25594;1874;546;1;32;30;0
25613;577;34;31;32;30;0
25666;1872;546;1;32;30;0
25705;1868;546;1;32;30;0
25731;1866;546;1;32;30;0
25774;1864;546;1;32;30;0
25793;1862;546;1;32;30;0
25805;289;34;31;32;30;0
25903;1771;386;29;32;30;1
25913;1801;386;29;32;30;2
25915;1860;546;1;32;30;0
25918;225;34;31;32;30;0
25919;193;34;31;32;30;0
25925;1830;226;30;32;30;1
25935;1852;546;1;32;30;0
25937;1281;2;31;32;30;0
25943;1249;2;31;32;30;0
25945;1185;2;31;32;30;0
25954;1850;546;1;32;30;0
25955;1489;258;30;32;30;1
25964;321;2;31;32;30;0
25968;1644;258;30;32;30;1
25972;32;290;30;32;30;1
25973;1365;194;30;32;30;1
25975;1846;546;1;32;30;0
25991;241;418;29;32;30;1
26007;1844;546;1;32;30;0
26009;1089;66;31;32;30;0
26023;1842;546;1;32;30;0
26029;360;418;28;32;30;2
26032;1582;162;30;32;30;0
26041;511;386;29;32;30;1
26053;1345;66;31;32;30;0
26059;1838;546;1;32;30;0
26063;1473;66;31;32;30;0
26082;1828;546;1;32;30;0
26085;1620;482;24;32;30;4
26087;1513;450;27;32;30;2
26089;1861;322;29;32;30;1
26118;1824;546;1;32;30;0
26119;1822;546;1;32;30;0
26126;1289;450;27;32;30;2
26131;1231;322;29;32;30;0
26132;1475;290;29;32;30;1
26143;652;194;30;32;30;0
26144;931;322;29;32;30;2
26149;1473;34;31;32;30;0
26151;1820;546;1;32;30;0
26152;571;322;29;32;30;1
26172;1313;34;31;32;30;0
26178;969;418;28;32;30;2
26217;998;418;28;32;30;2
26222;1818;546;1;32;30;0
26223;1892;194;30;32;30;1
26228;331;322;29;32;30;1
26230;1814;546;1;32;30;0
26247;1812;546;1;32;30;0
26262;1985;194;30;32;30;1
26263;151;322;29;32;30;1
26286;1121;34;31;32;30;0
26292;1025;34;31;32;30;0
26332;1685;290;29;32;30;1
26354;701;450;27;32;30;2
26356;1802;546;1;32;30;0
26360;1595;290;29;32;30;1
26367;1798;546;1;32;30;0
26368;1241;226;30;32;30;0
26376;1989;450;26;32;30;1
26377;63;258;30;32;30;0
26381;1857;2;31;32;30;0
26391;249;258;30;32;30;0
26395;695;290;29;32;30;1
26397;635;290;29;32;30;1
26399;605;290;29;32;30;0
26408;1793;2;31;32;30;0
26410;1025;2;31;32;30;0
26411;801;2;31;32;30;0
26412;769;2;31;32;30;0
26413;365;290;29;32;30;1
26441;1794;546;1;32;30;0
26448;1582;258;30;32;30;1
26463;289;2;31;32;30;0
26465;257;2;31;32;30;0
26469;33;2;31;32;30;0
26479;1786;546;1;32;30;0
26481;737;98;31;32;30;0
26495;1675;258;30;32;30;1
26512;1784;546;1;32;30;0
26517;1780;546;1;32;30;0
26522;1551;258;30;32;30;1
26524;1427;258;30;32;30;1
26525;385;2;31;32;30;0
26528;1778;546;1;32;30;0
26543;1776;546;1;32;30;0
26564;1770;546;1;32;30;0
26576;1764;546;1;32;30;0
26579;838;258;30;32;30;1
26580;1756;546;1;32;30;0
26609;776;258;30;32;30;0
26628;745;258;30;32;30;1
26657;1153;2;31;32;30;0
26666;1217;2;31;32;30;0
26680;1754;546;1;32;30;0
26681;1473;2;31;32;30;0
26684;1505;2;31;32;30;0
26696;1537;2;31;32;30;0
26800;1569;2;31;32;30;0
26820;1752;546;1;32;30;0
26834;1761;2;31;32;30;0
26842;1746;546;1;32;30;0
26862;1825;2;31;32;30;0
26866;1742;546;1;32;30;0
26908;1889;2;31;32;30;0
26989;94;258;30;32;30;1
26997;1985;2;31;32;30;0
27005;33;34;31;32;30;0
27083;1985;226;30;32;30;0
27096;65;34;31;32;30;0
27161;97;34;31;32;30;0
27177;1768;226;30;32;30;0
27178;161;34;31;32;30;0
27211;257;34;31;32;30;0
27231;321;34;31;32;30;0
27396;1738;546;1;32;30;0
27424;609;34;31;32;30;0
27425;641;34;31;32;30;0
27442;705;34;31;32;30;0
27468;1024;226;30;32;30;1
27475;1734;546;1;32;30;0
27490;1655;290;29;32;30;1
27491;1745;290;29;32;30;1
27492;1732;546;1;32;30;0
27494;652;226;30;32;30;1
27497;929;34;31;32;30;0
27503;1835;290;29;32;30;1
27507;1730;546;1;32;30;0
27508;249;226;30;32;30;0
27515;61;322;29;32;30;1
27530;1728;546;1;32;30;0
27531;2016;194;30;32;30;0
27572;1726;546;1;32;30;0
27573;1345;34;31;32;30;0
27578;1582;194;30;32;30;1
27583;1724;546;1;32;30;0
27597;1441;34;31;32;30;0
27598;1427;194;30;32;30;0
27602;751;322;29;32;30;1
27604;1272;194;30;32;30;0
27611;781;322;29;32;30;1
27663;841;322;29;32;30;1
27665;1141;322;29;32;30;1
27671;1633;34;31;32;30;0
27700;1697;34;31;32;30;0
27703;1825;34;31;32;30;0
27704;1953;34;31;32;30;0
27713;1722;546;1;32;30;0
27714;776;194;30;32;30;1
27735;1720;546;1;32;30;0
27738;1714;546;1;32;30;0
27744;1171;322;29;32;30;1
27770;65;66;31;32;30;0
27784;1710;546;1;32;30;0
27788;1708;546;1;32;30;0
27809;1706;546;1;32;30;0
27833;1291;322;29;32;30;0
27835;769;66;31;32;30;0
27841;1700;546;1;32;30;0
27849;865;66;31;32;30;0
27850;1698;546;1;32;30;0
27861;1892;162;30;32;30;0
27873;1696;546;1;32;30;0
27874;1121;66;31;32;30;0
27875;1591;322;29;32;30;1
27880;1675;162;30;32;30;0
27888;1694;546;1;32;30;0
27891;1249;66;31;32;30;0
27915;1551;162;30;32;30;0
27927;1520;162;30;32;30;0
27934;1692;546;1;32;30;0
27963;1272;162;30;32;30;0
27966;1024;162;30;32;30;0
27969;1537;66;31;32;30;0
27972;1688;546;1;32;30;0
28014;1682;546;1;32;30;0
28020;1889;66;31;32;30;0
28023;311;162;30;32;30;0
28024;1680;546;1;32;30;0
28040;1985;130;30;32;30;0
28057;1674;546;1;32;30;0
28082;225;98;31;32;30;0
28129;1672;546;1;32;30;0
28145;321;98;31;32;30;0
28149;1668;546;1;32;30;0
28151;1427;130;30;32;30;0
28155;1666;546;1;32;30;0
28165;1148;130;30;32;30;0
28168;769;98;31;32;30;0
28171;1664;546;1;32;30;0
28187;897;98;31;32;30;0
28193;1660;546;1;32;30;0
28201;1121;98;31;32;30;0
28204;869;130;30;32;30;0
28246;838;130;30;32;30;0
28271;1313;98;31;32;30;0
28287;1658;546;1;32;30;0
28288;745;130;30;32;30;0
28304;1345;98;31;32;30;0
28310;683;130;30;32;30;0
28342;1656;546;1;32;30;0
28357;1654;546;1;32;30;0
28381;1652;546;1;32;30;0
28382;1648;546;1;32;30;0
28436;1441;98;31;32;30;0
28450;1473;98;31;32;30;0
28500;1505;98;31;32;30;0
28608;1601;98;31;32;30;0
28611;1644;546;1;32;30;0
28655;1638;546;1;32;30;0
28734;1634;546;1;32;30;0
28779;249;130;30;32;30;1
28783;218;130;30;32;30;0
28797;1982;98;30;32;30;1
28814;1632;546;1;32;30;0
28845;1920;98;30;32;30;0
28857;1889;98;30;32;30;0
28858;1630;546;1;32;30;0
28937;1628;546;1;32;30;0
28961;32;130;30;32;30;0
28966;1624;546;1;32;30;0
28982;280;130;30;32;30;0
28988;373;130;30;32;30;0
29017;1622;546;1;32;30;0
29031;559;130;30;32;30;1
29087;807;130;30;32;30;1
29105;1249;98;31;32;30;0
29123;1153;98;31;32;30;0
29190;1620;546;1;32;30;0
29211;1618;546;1;32;30;0
29238;993;98;31;32;30;0
29255;1021;354;29;32;30;1
29256;833;98;31;32;30;0
29275;1051;354;29;32;30;1
29282;1616;546;1;32;30;0
29289;1179;130;30;32;30;0
29305;1210;130;30;32;30;0
29356;1241;130;30;32;30;1
29359;1272;130;30;32;30;0
29366;609;98;31;32;30;0
29401;1614;546;1;32;30;0
29420;545;98;31;32;30;0
29421;1612;546;1;32;30;0
29483;1610;546;1;32;30;0
29486;1608;546;1;32;30;0
29508;1604;546;1;32;30;0
29539;1602;546;1;32;30;0
29554;1600;546;1;32;30;0
29572;1598;546;1;32;30;0
29575;1441;354;29;32;30;1
29577;1501;354;29;32;30;1
29579;1561;354;29;32;30;1
29694;218;162;30;32;30;1
29699;1953;66;31;32;30;0
29702;1741;354;29;32;30;1
29872;1596;546;1;32;30;0
29976;1594;546;1;32;30;0
29983;590;162;30;32;30;0
29987;714;162;30;32;30;0
29992;1891;354;29;32;30;0
30001;1;450;27;32;30;2
30003;2010;418;27;32;30;2
30007;91;386;29;32;30;0
30010;451;386;29;32;30;2
30011;481;386;29;32;30;1
30028;1281;66;31;32;30;0
30053;1799;162;30;32;30;1
30058;1153;66;31;32;30;0
30064;691;386;29;32;30;1
30097;993;66;31;32;30;0
30130;1592;546;1;32;30;0
30149;1923;162;30;32;30;0
30151;1590;546;1;32;30;0
30171;63;194;30;32;30;0
30274;1588;546;1;32;30;0
30330;801;66;31;32;30;0
30331;737;66;31;32;30;0
30333;825;482;25;32;30;3
30334;811;386;29;32;30;1
30340;1578;418;28;32;30;2
30342;1582;546;1;32;30;0
30382;187;194;30;32;30;0
30399;481;66;31;32;30;0
30423;1580;546;1;32;30;0
30427;417;66;31;32;30;0
30435;1574;546;1;32;30;0
30436;1572;546;1;32;30;0
30446;1720;482;23;32;30;4
30450;1570;546;1;32;30;0
30452;1051;386;29;32;30;1
30456;1081;386;29;32;30;0
30462;1566;546;1;32;30;0
30465;97;66;31;32;30;0
30475;683;194;30;32;30;0
30495;1321;386;29;32;30;1
30496;1564;546;1;32;30;0
30519;1560;546;1;32;30;0
30522;1554;546;1;32;30;0
30528;900;194;30;32;30;0
30636;1548;546;1;32;30;0
30643;1546;546;1;32;30;0
30690;1381;386;29;32;30;1
30693;1411;386;29;32;30;0
30701;962;194;30;32;30;0
30707;1024;194;30;32;30;0
30722;1601;34;31;32;30;0
30741;1544;546;1;32;30;0
30770;1542;546;1;32;30;0
30772;1505;34;31;32;30;0
30906;1334;194;30;32;30;0
30952;1532;546;1;32;30;0
30990;1526;546;1;32;30;0
31034;1675;194;30;32;30;0
31036;1737;194;30;32;30;0
31038;1;226;30;32;30;0
31048;1522;546;1;32;30;0
31069;1217;34;31;32;30;0
31070;94;226;30;32;30;0
31085;1089;34;31;32;30;0
31105;1057;34;31;32;30;0
31119;497;226;30;32;30;0
31168;1516;546;1;32;30;0
31169;590;226;30;32;30;1
31185;897;34;31;32;30;0
31186;865;34;31;32;30;0
31192;833;34;31;32;30;0
31209;1514;546;1;32;30;0
31216;1510;546;1;32;30;0
31227;1117;226;30;32;30;1
31243;1179;226;30;32;30;0
31246;1210;226;30;32;30;1
31278;1272;226;30;32;30;0
31292;1506;546;1;32;30;0
31295;1500;546;1;32;30;0
31309;545;34;31;32;30;0
31311;1498;546;1;32;30;0
31348;1591;386;29;32;30;1
31350;1621;386;29;32;30;1
31354;1681;386;29;32;30;1
31361;1494;546;1;32;30;0
31379;353;34;31;32;30;0
31391;1492;546;1;32;30;0
31435;1741;386;29;32;30;1
31452;1490;546;1;32;30;0
31461;1861;386;29;32;30;1
31471;1488;546;1;32;30;0
31478;1675;226;30;32;30;0
31505;1737;226;30;32;30;0
31526;1486;546;1;32;30;0
31532;1923;226;30;32;30;0
31558;2016;226;30;32;30;0
31561;1;258;30;32;30;0
31563;32;258;30;32;30;0
31568;1482;546;1;32;30;0
31572;1921;2;31;32;30;0
31639;187;258;30;32;30;0
31649;218;258;30;32;30;0
31665;311;258;30;32;30;0
31680;373;258;30;32;30;0
31684;1480;546;1;32;30;0
31689;1697;2;31;32;30;0
31777;497;258;30;32;30;0
31881;1633;2;31;32;30;0
31934;1601;2;31;32;30;0
31958;528;258;30;32;30;0
31992;559;258;30;32;30;1
31995;590;258;30;32;30;1
32004;1951;386;29;32;30;0
32013;652;258;30;32;30;0
32020;1409;2;31;32;30;0
32025;1377;2;31;32;30;0
32026;1345;2;31;32;30;0
32027;1478;546;1;32;30;0
32032;1981;386;29;32;30;1
32034;1470;546;1;32;30;0
32048;683;258;30;32;30;0
32051;1468;546;1;32;30;0
32057;1464;546;1;32;30;0
32066;1121;2;31;32;30;0
32068;1089;2;31;32;30;0
32076;1057;2;31;32;30;0
32080;869;258;30;32;30;0
32097;1460;546;1;32;30;0
32098;1458;546;1;32;30;0
32102;993;2;31;32;30;0
32113;961;2;31;32;30;0
32117;929;2;31;32;30;0
32118;931;258;30;32;30;0
32153;1452;546;1;32;30;0
32154;833;2;31;32;30;0
32173;1450;546;1;32;30;0
32191;1086;258;30;32;30;0
32202;1442;546;1;32;30;0
32209;705;2;31;32;30;0
32218;673;2;31;32;30;0
32232;1117;258;30;32;30;0
32244;1241;258;30;32;30;1
32257;1436;546;1;32;30;0
32260;1434;546;1;32;30;0
32283;1432;546;1;32;30;0
32294;481;2;31;32;30;0
32302;449;2;31;32;30;0
32318;417;2;31;32;30;0
32321;1426;546;1;32;30;0
32566;1422;546;1;32;30;0
32618;61;418;29;32;30;1
32622;91;418;29;32;30;1
32624;1420;546;1;32;30;0
32654;1737;258;30;32;30;1
32676;1768;258;30;32;30;0
32680;343;578;1;32;30;0
32681;1830;258;30;32;30;1
32701;795;418;28;32;30;1
32722;766;418;28;32;30;1
32763;1898;546;1;32;30;0
32764;335;578;1;32;30;0
32769;1892;258;30;32;30;0
32771;1923;258;30;32;30;0
32773;1;290;30;32;30;0
32784;347;578;1;32;30;0
32819;301;418;29;32;30;1
32854;151;418;29;32;30;1
32862;1541;450;27;32;30;2
32884;333;578;1;32;30;0
32887;161;2;31;32;30;0
32905;824;418;28;32;30;2
32908;129;578;1;32;30;0
32925;105;578;1;32;30;0
32930;1900;546;1;32;30;0
32937;339;578;1;32;30;0
32946;121;418;29;32;30;1
32963;1149;450;27;32;30;2
32966;1424;546;1;32;30;0
32972;1334;258;30;32;30;0
32990;1428;546;1;32;30;0
33012;1430;546;1;32;30;0
33016;1303;258;30;32;30;0
33021;1272;258;30;32;30;0
33032;577;2;31;32;30;0
33050;1438;546;1;32;30;0
33073;1440;546;1;32;30;0
33075;737;2;31;32;30;0
33104;1444;546;1;32;30;0
33109;1446;546;1;32;30;0
33136;1448;546;1;32;30;0
33144;1055;258;30;32;30;0
33145;865;2;31;32;30;0
33192;1454;546;1;32;30;0
33222;1456;546;1;32;30;0
33251;940;418;28;32;30;2
33258;1085;482;25;32;30;3
33261;1462;546;1;32;30;0
33267;31;418;29;32;30;1
33268;1466;546;1;32;30;0
33288;1;418;29;32;30;1
33292;2011;386;29;32;30;1
33296;1472;546;1;32;30;0
33310;1474;546;1;32;30;0
33324;1476;546;1;32;30;0
33337;1313;2;31;32;30;0
33391;466;258;30;32;30;0
33394;156;258;30;32;30;0
33455;1484;546;1;32;30;0
33457;1921;386;29;32;30;1
33464;1891;386;29;32;30;1
33509;1831;386;29;32;30;1
33510;1711;386;29;32;30;1
33521;1551;226;30;32;30;1
33538;1496;546;1;32;30;0
33590;513;34;31;32;30;0
33609;1561;386;29;32;30;1
33618;1502;546;1;32;30;0
33624;1504;546;1;32;30;0
33655;1303;226;30;32;30;0
33747;1508;546;1;32;30;0
33756;962;226;30;32;30;1
33775;1512;546;1;32;30;0
33853;745;226;30;32;30;1
33865;559;226;30;32;30;1
33900;1518;546;1;32;30;0
33988;1520;546;1;32;30;0
34101;1249;34;31;32;30;0
34180;1524;546;1;32;30;0
34220;1644;194;30;32;30;1
34384;1528;546;1;32;30;0
34394;1530;546;1;32;30;0
34411;1489;194;30;32;30;1
34509;1534;546;1;32;30;0
34542;1536;546;1;32;30;0
34678;1538;546;1;32;30;0
34701;1540;546;1;32;30;0
34880;1537;34;31;32;30;0
34892;1086;194;30;32;30;0
34899;1761;34;31;32;30;0
34903;1793;34;31;32;30;0
34909;1550;546;1;32;30;0
34913;1552;546;1;32;30;0
34920;1857;34;31;32;30;0
34955;1556;546;1;32;30;0
34987;1558;546;1;32;30;0
35009;1889;34;31;32;30;0
35010;1562;546;1;32;30;0
35013;1921;34;31;32;30;0
35023;161;66;31;32;30;0
35029;1568;546;1;32;30;0
35036;466;194;30;32;30;0
35069;353;66;31;32;30;0
35079;385;66;31;32;30;0
35090;1576;546;1;32;30;0
35186;1578;546;1;32;30;0
35199;961;386;29;32;30;1
35201;841;386;29;32;30;1
35206;1584;546;1;32;30;0
35207;1586;546;1;32;30;0
35211;94;194;30;32;30;0
35215;897;66;31;32;30;0
35222;961;66;31;32;30;0
35226;497;162;30;32;30;0
35239;1771;354;29;32;30;1
35242;161;98;31;32;30;0
35251;353;98;31;32;30;0
35282;1171;354;29;32;30;0
35299;417;98;31;32;30;0
35302;1606;546;1;32;30;0
35328;1141;354;29;32;30;1
35336;1111;354;29;32;30;1
35342;1365;130;30;32;30;1
35347;1081;354;29;32;30;1
35352;1086;130;30;32;30;1
35370;931;354;29;32;30;1
35373;931;130;30;32;30;1
35377;435;130;30;32;30;1
35379;63;130;30;32;30;1
35382;1626;546;1;32;30;0
35388;2013;98;30;32;30;1
35413;2017;2;30;32;30;1
35430;1951;98;30;32;30;1
35433;421;354;29;32;30;1
35440;1636;546;1;32;30;0
35441;391;354;29;32;30;1
35463;1640;546;1;32;30;0
35465;1642;546;1;32;30;0
35469;342;130;30;32;30;1
35475;1646;546;1;32;30;0
35477;331;354;29;32;30;1
35480;1650;546;1;32;30;0
35486;301;354;29;32;30;1
35488;590;130;30;32;30;1
35492;652;130;30;32;30;1
35500;241;354;29;32;30;1
35501;181;354;29;32;30;1
35504;1662;546;1;32;30;0
35506;1024;130;30;32;30;1
35519;1951;322;29;32;30;1
35527;1582;130;30;32;30;1
35531;1670;546;1;32;30;0
35542;1830;130;30;32;30;1
35576;1892;130;30;32;30;1
35582;1676;546;1;32;30;0
35585;1678;546;1;32;30;0
35611;1651;322;29;32;30;1
35613;559;162;30;32;30;1
35617;1684;546;1;32;30;0
35635;1686;546;1;32;30;0
35672;1621;322;29;32;30;1
35674;1690;546;1;32;30;0
35686;1377;66;31;32;30;0
35696;1644;162;30;32;30;1
35703;1861;162;30;32;30;1
35914;1501;322;29;32;30;1
35937;833;66;31;32;30;0
35946;1702;546;1;32;30;0
35980;1704;546;1;32;30;0
35997;449;66;31;32;30;0
36000;289;66;31;32;30;0
36001;257;66;31;32;30;0
36002;1712;546;1;32;30;0
36008;1985;34;31;32;30;0
36009;1716;546;1;32;30;0
36011;1718;546;1;32;30;0
36012;745;194;30;32;30;0
36015;838;194;30;32;30;0
36020;1520;194;30;32;30;1
36023;211;322;29;32;30;1
36024;63;226;30;32;30;0
36027;280;226;30;32;30;0
36035;683;226;30;32;30;0
36039;869;226;30;32;30;1
36042;1736;546;1;32;30;0
36059;1489;226;30;32;30;1
36060;1740;546;1;32;30;0
36062;755;290;29;32;30;1
36066;1744;546;1;32;30;0
36074;342;258;30;32;30;0
36092;1748;546;1;32;30;0
36104;1750;546;1;32;30;0
36196;1729;2;31;32;30;0
36208;1441;2;31;32;30;0
36215;807;258;30;32;30;0
36229;1758;546;1;32;30;0
36234;1760;546;1;32;30;0
36259;1762;546;1;32;30;0
36275;1024;258;30;32;30;0
36317;1766;546;1;32;30;0
36321;1768;546;1;32;30;0
36335;641;2;31;32;30;0
36367;1772;546;1;32;30;0
36468;1774;546;1;32;30;0
36523;1148;258;30;32;30;1
36554;305;290;29;32;30;1
36557;245;290;29;32;30;1
36562;1782;546;1;32;30;0
36578;1613;258;30;32;30;1
36605;94;290;30;32;30;1
36611;1788;546;1;32;30;0
36637;1790;546;1;32;30;0
36649;1792;546;1;32;30;0
36650;1179;258;30;32;30;1
36763;1796;546;1;32;30;0
36766;931;226;30;32;30;0
36785;1800;546;1;32;30;0
36794;1625;290;29;32;30;1
36795;1804;546;1;32;30;0
36796;1806;546;1;32;30;0
36805;1808;546;1;32;30;0
36814;1810;546;1;32;30;0
36817;241;322;29;32;30;1
36820;271;322;29;32;30;1
36843;1816;546;1;32;30;0
36855;1861;194;30;32;30;1
36861;1396;194;30;32;30;0
36864;2016;162;30;32;30;1
36865;1923;130;30;32;30;0
36867;1826;546;1;32;30;0
36870;1;386;29;32;30;1
36879;1830;546;1;32;30;0
36880;1832;546;1;32;30;0
36884;1834;546;1;32;30;0
36889;1836;546;1;32;30;0
36890;1396;162;30;32;30;1
36894;1840;546;1;32;30;0
36895;1737;162;30;32;30;1
36896;271;418;29;32;30;1
36899;211;418;29;32;30;1
36910;1848;546;1;32;30;0
36913;714;258;30;32;30;1
36914;621;258;30;32;30;1
36930;1854;546;1;32;30;0
36933;1856;546;1;32;30;0
36935;1858;546;1;32;30;0
36938;1644;226;30;32;30;0
36939;1582;226;30;32;30;1
36942;1520;226;30;32;30;1
36947;1651;386;29;32;30;1
36948;1458;226;30;32;30;1
36949;1870;546;1;32;30;0
36960;1396;226;30;32;30;0
36969;404;226;30;32;30;1
36973;1876;546;1;32;30;0
36984;342;226;30;32;30;1
36991;1880;546;1;32;30;0
37034;1882;546;1;32;30;0
37048;1884;546;1;32;30;0
37070;1886;546;1;32;30;0
37096;1441;386;29;32;30;1
37117;931;194;30;32;30;0
37197;869;194;30;32;30;1
37237;1894;546;1;32;30;0
37239;1896;546;1;32;30;0
37240;714;194;30;32;30;1
37266;341;578;1;32;30;0
37325;1261;386;29;32;30;1
37326;1141;386;29;32;30;1
37327;1111;386;29;32;30;1
37329;225;66;31;32;30;0
37340;1910;546;1;32;30;0
37341;321;66;31;32;30;0
37347;1914;546;1;32;30;0
37444;435;194;30;32;30;1
37504;311;194;30;32;30;1
37507;1920;546;1;32;30;0
37624;1922;546;1;32;30;0
37682;545;66;31;32;30;0
37723;1926;546;1;32;30;0
37782;1928;546;1;32;30;0
37799;1930;546;1;32;30;0
37857;673;66;31;32;30;0
37969;1934;546;1;32;30;0
38263;721;386;29;32;30;1
38272;1065;450;27;32;30;2
38281;1821;450;27;32;30;2
38283;1793;450;27;32;30;2
38289;1944;546;1;32;30;0
38291;1737;450;27;32;30;2
38306;1709;450;27;32;30;2
38343;1950;546;1;32;30;0
38360;1952;546;1;32;30;0
38450;476;418;28;32;30;2
38459;1956;546;1;32;30;0
38477;391;386;29;32;30;2
38480;361;386;29;32;30;2
38491;505;418;28;32;30;2
38499;1964;546;1;32;30;0
38500;301;386;29;32;30;2
38512;1968;546;1;32;30;0
38518;1970;546;1;32;30;0
38522;271;386;29;32;30;2
38525;211;386;29;32;30;2
38538;151;386;29;32;30;2
38542;121;386;29;32;30;2
38543;1980;546;1;32;30;0
38555;31;386;29;32;30;2
38556;534;418;28;32;30;2
38560;1986;546;1;32;30;0
38596;1988;546;1;32;30;0
38597;1990;546;1;32;30;0
38598;1633;66;31;32;30;0
38599;1994;546;1;32;30;0
38604;1996;546;1;32;30;0
38609;776;162;30;32;30;0
38626;2000;546;1;32;30;0
38627;1921;66;31;32;30;0
38632;1711;354;29;32;30;1
38634;1681;354;29;32;30;1
38640;2008;546;1;32;30;0
38642;1651;354;29;32;30;1
38647;2012;546;1;32;30;0
38651;1621;354;29;32;30;1
38656;2016;546;1;32;30;0
38684;2018;546;1;32;30;0
38695;2020;546;1;32;30;0
38706;2022;546;1;32;30;0
38738;1531;354;29;32;30;1
38745;32;162;30;32;30;1
38750;1861;130;30;32;30;0
38754;1321;354;29;32;30;1
38761;1291;354;29;32;30;1
38899;1261;354;29;32;30;1
38911;2036;546;1;32;30;0
38915;2038;546;1;32;30;0
38917;2040;546;1;32;30;0
38918;289;98;31;32;30;0
38920;2044;546;1;32;30;0
38928;1520;130;30;32;30;1
38936;577;98;31;32;30;0
38957;1055;130;30;32;30;1
38972;5;578;1;32;30;0
38988;865;98;31;32;30;0
38989;1025;98;31;32;30;0
38996;1057;98;31;32;30;0
39000;1185;98;31;32;30;0
39080;1281;98;31;32;30;0
39131;714;130;30;32;30;1
39135;1729;98;31;32;30;0
39154;1825;98;31;32;30;0
39164;125;130;30;32;30;0
39165;25;578;1;32;30;0
39166;27;578;1;32;30;0
39178;1665;98;31;32;30;0
39208;621;130;30;32;30;0
39318;61;354;29;32;30;1
39321;35;578;1;32;30;0
39361;37;578;1;32;30;0
39366;39;578;1;32;30;0
39378;41;578;1;32;30;0
39438;43;578;1;32;30;0
39442;45;578;1;32;30;0
39443;705;98;31;32;30;0
39514;49;578;1;32;30;0
39592;2011;322;29;32;30;1
39640;1981;322;29;32;30;1
39658;55;578;1;32;30;0
39740;57;578;1;32;30;0
39746;59;578;1;32;30;0
39749;61;578;1;32;30;0
39764;63;578;1;32;30;0
39854;65;578;1;32;30;0
40165;1303;130;30;32;30;0
40180;1921;322;29;32;30;1
40599;71;578;1;32;30;0
40614;1396;130;30;32;30;0
40644;1799;130;30;32;30;1
40658;931;162;30;32;30;1
40665;79;578;1;32;30;0
40723;81;578;1;32;30;0
40736;83;578;1;32;30;0
40763;1561;322;29;32;30;1
40802;87;578;1;32;30;0
65281;607;546;15;32;30;8
65285;1261;450;27;32;30;2
65286;1163;482;25;32;30;4
65288;1032;546;13;32;30;17
65289;1088;546;13;32;30;1
65290;1437;514;19;32;30;6
65291;1059;482;25;32;30;3
65293;1007;482;25;32;30;3
65294;1397;546;7;32;30;3
65295;301;322;29;32;30;1
65296;647;514;21;32;30;5
65297;1745;514;18;32;30;7
65298;207;514;21;32;30;5
65299;295;514;21;32;30;5
65300;317;514;21;32;30;5
65301;779;514;21;32;30;5
65302;383;514;21;32;30;5
65303;1277;514;19;32;30;6
65304;471;514;21;32;30;5
65305;515;514;21;32;30;5
65306;1389;546;7;32;30;12
65309;747;482;25;32;30;3
65311;244;482;26;32;30;2
65313;799;482;25;32;30;3
65314;70;514;22;32;30;5
65315;1983;482;22;32;30;5
65316;116;514;22;32;30;5
65317;1377;514;19;32;30;6
65318;909;514;20;32;30;6
65319;1960;482;22;32;30;4
65320;845;514;21;32;30;5
65321;1004;546;13;32;30;9
65322;951;514;20;32;30;5
65323;1768;482;23;32;30;5
65324;1237;514;19;32;30;7
65325;1926;418;27;32;30;2
65326;713;514;21;32;30;5
65327;1792;482;23;32;30;4
65328;669;514;21;32;30;6
65329;929;482;25;32;30;3
65330;47;514;22;32;30;5
65331;603;514;21;32;30;5
65332;581;514;21;32;30;5
65333;559;514;21;32;30;5
65334;981;482;25;32;30;3
65335;335;290;29;32;30;1
65336;1189;482;25;32;30;3
65337;1695;482;24;32;30;4
65338;251;514;21;32;30;5
65345;1477;514;19;32;30;6
65346;1536;514;18;32;30;7
65347;1555;514;18;32;30;7
65348;1650;514;18;32;30;6
65349;1157;514;19;32;30;6
65350;511;546;15;32;30;8
65351;1457;514;19;32;30;6
65352;1929;514;17;32;30;7
65353;1255;546;10;32;30;10
65354;1243;546;11;32;30;9
65355;993;514;20;32;30;6
65356;1266;546;10;32;30;11
65357;1267;482;25;32;30;3
65358;1839;514;17;32;30;7
65359;1337;514;19;32;30;6
65360;1707;514;18;32;30;7
65361;1497;514;19;32;30;6
65362;884;546;14;32;30;9
65363;1217;514;19;32;30;6
65364;687;546;15;32;30;8
65365;1947;514;17;32;30;7
65366;273;514;21;32;30;5
65367;643;482;25;32;30;3
65368;185;514;21;32;30;5
65369;229;514;21;32;30;5
65370;1893;514;17;32;30;7
65374;421;322;29;32;30;1
65381;1310;546;10;32;15;3
65382;527;546;15;32;15;1
65383;559;546;15;32;15;1
65384;591;546;15;32;15;0
65385;944;546;14;32;15;1
65388;137;546;16;32;15;0
65389;256;546;16;32;15;0
65390;1116;546;13;32;15;1
65391;426;546;16;32;15;0
65392;824;546;14;32;15;1
65393;1982;514;16;32;15;0
65394;494;546;16;32;15;0
65395;543;546;15;32;15;1
65396;222;546;16;32;15;0
65397;18;546;16;32;15;0
65398;655;546;15;32;15;0
65399;2016;514;16;32;15;0
65400;120;546;16;32;15;0
65401;171;546;16;32;15;0
65402;869;546;14;32;15;1
65403;477;546;16;32;15;0
65404;460;546;16;32;15;0
65405;443;546;16;32;15;0
65406;639;546;15;32;15;0
65407;1965;514;16;32;15;0
65408;409;546;16;32;15;0
65409;188;546;16;32;15;0
65410;1999;514;16;32;15;0
65411;1;546;16;32;15;0
65412;854;546;14;32;15;2
65413;52;546;16;32;15;0
65414;69;546;16;32;15;0
65416;358;546;16;32;15;0
65417;623;546;15;32;15;0
65418;154;546;16;32;15;0
65419;1018;546;13;32;15;2
65420;899;546;14;32;15;1
65421;205;546;16;32;15;0
65422;239;546;16;32;15;0
65423;273;546;16;32;15;0
65424;290;546;16;32;15;0
65425;307;546;16;32;15;0
65426;324;546;16;32;15;0
65427;375;546;16;32;15;0
65428;392;546;16;32;15;0
65430;959;546;14;32;15;1
65431;974;546;14;32;15;1
65432;839;546;14;32;15;1
65433;86;546;16;32;15;0
65434;2033;514;14;32;15;2
65435;929;546;14;32;15;1
65436;749;546;14;32;15;1
65437;35;546;16;32;15;0
65438;1130;546;12;32;15;0
65439;1332;546;10;32;15;0
