"DotumChe";14;False;False;0;1;1;1
32;772;401;1;19;7;0
33;735;401;4;19;7;2
34;219;401;7;19;7;0
35;109;401;8;19;7;0
36;127;401;8;19;7;0
37;136;401;8;19;7;0
38;920;382;8;19;7;0
39;556;401;5;19;7;0
40;544;401;5;19;7;3
41;538;401;5;19;7;0
42;803;382;8;19;7;0
43;794;382;8;19;7;0
44;562;401;5;19;7;0
45;776;382;8;19;7;0
46;765;401;4;19;7;0
47;758;382;8;19;7;0
48;749;382;8;19;7;0
49;580;401;5;19;7;1
50;731;382;8;19;7;0
51;722;382;8;19;7;0
52;713;382;8;19;7;0
53;704;382;8;19;7;0
54;695;382;8;19;7;0
55;315;401;7;19;7;1
56;677;382;8;19;7;0
57;668;382;8;19;7;0
58;760;401;4;19;7;2
59;598;401;5;19;7;1
60;641;382;8;19;7;0
61;632;382;8;19;7;0
62;623;382;8;19;7;0
63;614;382;8;19;7;0
64;605;382;8;19;7;0
65;596;382;8;19;7;0
66;587;382;8;19;7;0
67;578;382;8;19;7;0
68;118;401;8;19;7;0
69;347;401;7;19;7;1
70;363;401;7;19;7;1
71;542;382;8;19;7;0
72;533;382;8;19;7;0
73;755;401;4;19;7;2
74;610;401;5;19;7;1
75;379;401;7;19;7;1
76;403;401;7;19;7;1
77;488;382;8;19;7;0
78;479;382;8;19;7;0
79;470;382;8;19;7;0
80;461;382;8;19;7;0
81;452;382;8;19;7;0
82;443;382;8;19;7;0
83;434;382;8;19;7;0
84;425;382;8;19;7;0
85;416;382;8;19;7;0
86;407;382;8;19;7;0
87;398;382;8;19;7;0
88;389;382;8;19;7;0
89;380;382;8;19;7;0
90;371;382;8;19;7;0
91;664;401;5;19;7;3
92;353;382;8;19;7;0
93;634;401;5;19;7;0
94;440;401;6;19;7;1
95;326;382;8;19;7;0
96;616;401;5;19;7;3
97;371;401;7;19;7;0
98;339;401;7;19;7;1
99;283;401;7;19;7;0
100;275;401;7;19;7;0
101;272;382;8;19;7;0
102;531;401;6;19;7;1
103;254;382;8;19;7;0
104;245;382;8;19;7;0
105;750;401;4;19;7;2
106;550;401;5;19;7;1
107;243;401;7;19;7;1
108;745;401;4;19;7;2
109;200;382;8;19;7;0
110;191;382;8;19;7;0
111;182;382;8;19;7;0
112;235;401;7;19;7;1
113;227;401;7;19;7;0
114;574;401;5;19;7;2
115;489;401;6;19;7;1
116;482;401;6;19;7;1
117;145;401;8;19;7;0
118;119;382;8;19;7;0
119;110;382;8;19;7;0
120;101;382;8;19;7;0
121;569;382;8;19;7;0
122;830;382;8;19;7;0
123;592;401;5;19;7;3
124;740;401;4;19;7;2
125;604;401;5;19;7;0
126;468;401;6;19;6;0
8213;309;21;13;19;11;0
8220;461;401;6;19;11;6
8221;454;401;6;19;11;0
8230;183;306;12;19;11;0
8251;978;363;10;19;11;1
8592;1;306;12;19;11;0
8593;46;401;8;19;11;2
8594;898;287;12;19;11;0
8595;55;401;8;19;11;2
8800;989;363;10;19;11;1
9675;651;287;12;19;11;0
9733;463;21;13;19;11;0
9834;1000;363;9;19;11;2
9839;11;382;9;19;11;2
12288;770;401;1;19;11;0
12289;628;401;5;19;11;0
12290;433;401;6;19;11;0
12293;337;363;11;19;11;0
12300;640;401;5;19;11;7
12301;652;401;5;19;11;0
12302;658;401;5;19;11;7
12303;426;401;6;19;11;0
12353;879;363;10;19;11;1
12354;365;287;12;19;11;0
12355;868;363;10;19;11;1
12356;908;344;11;19;11;1
12357;846;363;10;19;11;1
12358;835;363;10;19;11;1
12359;824;363;10;19;11;1
12360;118;287;12;19;11;0
12361;920;344;11;19;11;1
12362;53;287;12;19;11;0
12363;807;268;12;19;11;0
12364;771;21;13;19;11;0
12365;992;344;11;19;11;1
12366;729;268;12;19;11;1
12367;791;363;10;19;11;1
12368;1;363;11;19;11;1
12369;121;363;11;19;11;1
12370;690;268;12;19;11;1
12371;758;363;10;19;11;1
12372;638;268;12;19;11;1
12373;133;363;11;19;11;1
12374;599;268;12;19;11;1
12375;736;363;10;19;11;2
12376;725;363;10;19;11;2
12377;157;268;12;19;11;0
12378;967;21;13;19;11;0
12379;144;268;12;19;11;0
12380;995;21;13;19;11;0
12381;92;268;12;19;11;0
12382;66;268;12;19;11;0
12383;27;268;12;19;11;0
12384;29;40;13;19;11;0
12385;145;363;11;19;11;1
12386;911;249;12;19;11;1
12387;703;363;10;19;11;1
12388;716;249;12;19;11;0
12389;99;40;13;19;11;0
12390;703;249;12;19;11;0
12391;127;40;13;19;11;0
12392;692;363;10;19;11;1
12393;599;249;12;19;11;1
12394;586;249;12;19;11;0
12395;169;363;11;19;11;1
12396;560;249;12;19;11;0
12397;211;40;13;19;11;0
12398;521;249;12;19;11;0
12399;430;249;12;19;11;1
12400;193;363;11;19;11;1
12401;205;363;11;19;11;1
12402;300;249;12;19;11;1
12403;295;40;13;19;11;0
12404;222;249;12;19;11;0
12405;209;249;12;19;11;0
12406;337;40;13;19;11;0
12407;351;40;13;19;11;0
12408;157;249;12;19;11;0
12409;131;249;12;19;11;0
12410;118;249;12;19;11;0
12411;217;363;11;19;11;1
12412;229;363;11;19;11;1
12413;253;363;11;19;11;1
12414;265;363;11;19;11;1
12415;463;40;13;19;11;0
12416;40;249;12;19;11;0
12417;963;230;12;19;11;0
12418;277;363;11;19;11;1
12419;593;363;10;19;11;1
12420;898;230;12;19;11;0
12421;582;363;10;19;11;1
12422;859;230;12;19;11;0
12423;571;363;10;19;11;1
12424;768;230;12;19;11;0
12425;289;363;11;19;11;1
12426;61;382;9;19;11;2
12427;612;230;12;19;11;0
12428;645;40;13;19;11;0
12429;573;230;12;19;11;0
12430;538;363;10;19;11;1
12431;508;230;12;19;11;0
12432;443;230;12;19;11;0
12433;715;40;13;19;11;0
12434;430;230;12;19;11;0
12435;404;230;12;19;11;0
12443;670;401;5;19;11;0
12444;730;401;4;19;11;0
12449;505;363;10;19;11;1
12450;313;230;12;19;11;0
12451;494;363;10;19;11;1
12452;222;230;12;19;11;0
12453;31;382;9;19;11;2
12454;472;363;10;19;11;1
12455;461;363;10;19;11;1
12456;170;230;12;19;11;0
12457;450;363;10;19;11;1
12458;144;230;12;19;11;0
12459;301;363;11;19;11;0
12460;939;40;13;19;11;0
12461;118;230;12;19;11;0
12462;967;40;13;19;11;0
12463;105;230;12;19;11;0
12464;995;40;13;19;11;0
12465;1;230;12;19;11;0
12466;1;59;13;19;11;0
12467;428;363;10;19;11;1
12468;963;211;12;19;11;1
12469;937;211;12;19;11;0
12470;57;59;13;19;11;0
12471;924;211;12;19;11;0
12472;85;59;13;19;11;0
12473;898;211;12;19;11;0
12474;113;59;13;19;11;0
12475;820;211;12;19;11;0
12476;141;59;13;19;11;0
12477;872;344;11;19;11;1
12478;349;363;11;19;11;1
12479;742;211;12;19;11;0
12480;197;59;13;19;11;0
12481;703;211;12;19;11;0
12482;225;59;13;19;11;0
12483;395;363;10;19;11;1
12484;361;363;11;19;11;1
12485;586;211;12;19;11;1
12486;573;211;12;19;11;0
12487;295;59;13;19;11;0
12488;373;363;10;19;11;2
12489;384;363;10;19;11;2
12490;300;211;12;19;11;0
12491;274;211;12;19;11;0
12492;261;211;12;19;11;0
12493;248;211;12;19;11;0
12494;406;363;10;19;11;1
12495;209;211;12;19;11;0
12496;421;59;13;19;11;0
12497;118;211;12;19;11;0
12498;417;363;10;19;11;1
12499;14;211;12;19;11;1
12500;976;192;12;19;11;1
12501;325;363;11;19;11;1
12502;885;192;12;19;11;1
12503;313;363;11;19;11;1
12504;794;192;12;19;11;0
12505;651;192;12;19;11;0
12506;638;192;12;19;11;0
12507;560;192;12;19;11;0
12508;589;59;13;19;11;0
12509;547;192;12;19;11;0
12510;508;192;12;19;11;0
12511;439;363;10;19;11;1
12512;404;192;12;19;11;0
12513;365;192;12;19;11;0
12514;287;192;12;19;11;0
12515;560;363;10;19;11;1
12516;248;192;12;19;11;0
12517;604;363;10;19;11;1
12518;170;192;12;19;11;0
12519;21;382;9;19;11;2
12520;626;363;10;19;11;1
12521;241;363;11;19;11;1
12522;28;401;8;19;11;2
12523;799;59;13;19;11;0
12524;648;363;10;19;11;2
12525;659;363;10;19;11;1
12526;1010;363;9;19;11;2
12527;181;363;11;19;11;1
12528;53;192;12;19;11;0
12529;1;192;12;19;11;0
12530;681;363;10;19;11;1
12531;157;363;11;19;11;1
12532;989;173;12;19;11;1
12533;714;363;10;19;11;1
12534;747;363;10;19;11;1
12539;676;401;5;19;11;4
12540;924;173;12;19;11;0
19968;911;173;12;19;11;0
19969;898;173;12;19;11;0
19975;859;173;12;19;11;0
19976;15;78;13;19;11;0
19977;846;173;12;19;11;0
19978;833;173;12;19;11;0
19979;794;173;12;19;11;0
19981;71;78;13;19;11;0
19982;781;173;12;19;11;0
19990;651;173;12;19;11;0
20001;612;173;12;19;11;0
20006;599;173;12;19;11;0
20013;586;173;12;19;11;0
20024;155;78;13;19;11;0
20027;547;173;12;19;11;0
20037;469;173;12;19;11;0
20055;197;78;13;19;11;0
20057;456;173;12;19;11;0
20081;378;173;12;19;11;0
20083;261;173;12;19;11;0
20102;183;173;12;19;11;0
20104;170;173;12;19;11;0
20105;157;173;12;19;11;0
20107;295;78;13;19;11;0
20108;131;173;12;19;11;0
20114;79;173;12;19;11;0
20117;66;173;12;19;11;0
20123;351;78;13;19;11;0
20129;14;173;12;19;11;0
20132;379;78;13;19;11;0
20139;950;154;12;19;11;0
20154;872;154;12;19;11;0
20161;612;154;12;19;11;0
20170;435;78;13;19;11;0
20171;560;154;12;19;11;0
20181;547;154;12;19;11;0
20182;477;78;13;19;11;0
20184;378;154;12;19;11;0
20195;326;154;12;19;11;0
20196;287;154;12;19;11;0
20197;533;78;13;19;11;0
20206;261;154;12;19;11;0
20208;248;154;12;19;11;0
20210;79;154;12;19;11;0
20214;14;154;12;19;11;0
20219;603;78;13;19;11;0
20225;1002;135;12;19;11;0
20241;631;78;13;19;11;0
20250;989;135;12;19;11;0
20253;976;135;12;19;11;0
20280;963;135;12;19;11;0
20284;687;78;13;19;11;0
20301;701;78;13;19;11;0
20302;715;78;13;19;11;0
20303;950;135;12;19;11;0
20307;937;135;12;19;11;0
20309;757;78;13;19;11;0
20313;911;135;12;19;11;0
20316;885;135;12;19;11;0
20351;799;78;13;19;11;0
20363;872;135;12;19;11;0
20379;859;135;12;19;11;0
20381;841;78;13;19;11;0
20385;855;78;13;19;11;0
20398;869;78;13;19;11;0
20405;883;78;13;19;11;0
20415;897;78;13;19;11;0
20418;911;78;13;19;11;0
20445;925;78;13;19;11;0
20449;833;135;12;19;11;0
20462;794;135;12;19;11;0
20491;781;135;12;19;11;0
20493;768;135;12;19;11;0
20498;716;135;12;19;11;0
20505;1009;78;13;19;11;0
20511;703;135;12;19;11;0
20516;690;135;12;19;11;0
20553;664;135;12;19;11;0
20572;612;135;12;19;11;0
20581;586;135;12;19;11;0
20596;547;135;12;19;11;0
20598;534;135;12;19;11;0
20605;508;135;12;19;11;0
20625;113;97;13;19;11;0
20633;443;135;12;19;11;0
20652;141;97;13;19;11;0
20653;261;135;12;19;11;0
20663;248;135;12;19;11;0
20670;183;97;13;19;11;0
20685;209;135;12;19;11;0
20687;211;97;13;19;11;0
20693;225;97;13;19;11;0
20711;183;135;12;19;11;0
20736;79;135;12;19;11;0
20778;267;97;13;19;11;0
20803;281;97;13;19;11;0
20804;295;97;13;19;11;0
20805;309;97;13;19;11;0
20808;323;97;13;19;11;0
20809;337;97;13;19;11;0
20811;351;97;13;19;11;0
20813;1;135;12;19;11;0
20814;963;116;12;19;11;0
20837;950;116;12;19;11;0
20840;407;97;13;19;11;0
20844;937;116;12;19;11;0
20845;435;97;13;19;11;0
20849;924;116;12;19;11;0
20853;768;116;12;19;11;0
20855;729;116;12;19;11;0
20856;677;116;12;19;11;0
20860;505;97;13;19;11;0
20869;638;116;12;19;11;0
20870;109;363;11;19;11;1
20877;599;116;12;19;11;0
20882;97;363;11;19;11;1
20889;456;116;12;19;11;0
20896;589;97;13;19;11;0
20908;417;116;12;19;11;0
20918;235;116;12;19;11;0
20919;222;116;12;19;11;0
20941;209;116;12;19;11;0
20957;659;97;13;19;11;0
20961;105;116;12;19;11;0
20966;794;344;12;19;11;0
20982;701;97;12;19;11;0
20986;714;97;12;19;11;0
20992;727;97;12;19;11;0
20995;740;97;12;19;11;0
20998;753;97;12;19;11;0
20999;766;97;12;19;11;0
21002;779;97;12;19;11;0
21009;792;97;12;19;11;0
21015;805;97;12;19;11;0
21021;818;97;12;19;11;0
21028;831;97;12;19;11;0
21029;844;97;12;19;11;0
21033;857;97;12;19;11;0
21038;870;97;12;19;11;0
21040;883;97;12;19;11;0
21046;896;97;12;19;11;0
21050;909;97;12;19;11;0
21051;922;97;12;19;11;0
21063;935;97;12;19;11;0
21066;948;97;12;19;11;0
21069;961;97;12;19;11;0
21091;974;97;12;19;11;0
21092;987;97;12;19;11;0
21103;1000;97;12;19;11;0
21106;1;116;12;19;11;0
21109;14;116;12;19;11;0
21127;27;116;12;19;11;0
21147;40;116;12;19;11;0
21151;53;116;12;19;11;0
21152;66;116;12;19;11;0
21155;79;116;12;19;11;0
21161;92;116;12;19;11;0
21162;673;97;13;19;11;0
21172;118;116;12;19;11;0
21177;131;116;12;19;11;0
21191;144;116;12;19;11;0
21193;157;116;12;19;11;0
21205;170;116;12;19;11;0
21208;183;116;12;19;11;0
21209;196;116;12;19;11;0
21213;645;97;13;19;11;0
21215;631;97;13;19;11;0
21218;617;97;13;19;11;0
21253;248;116;12;19;11;0
21270;261;116;12;19;11;0
21271;274;116;12;19;11;0
21305;287;116;12;19;11;0
21306;85;363;11;19;11;1
21307;313;116;12;19;11;0
21313;326;116;12;19;11;0
21315;339;116;12;19;11;0
21322;352;116;12;19;11;0
21330;365;116;12;19;11;0
21332;378;116;12;19;11;0
21335;391;116;12;19;11;0
21336;404;116;12;19;11;0
21338;603;97;13;19;11;0
21344;73;363;11;19;11;1
21360;443;116;12;19;11;0
21361;575;97;13;19;11;0
21363;469;116;12;19;11;0
21364;482;116;12;19;11;0
21365;495;116;12;19;11;0
21375;508;116;12;19;11;0
21380;521;116;12;19;11;0
21402;534;116;12;19;11;0
21407;547;116;12;19;11;0
21416;560;116;12;19;11;0
21427;573;116;12;19;11;0
21435;586;116;12;19;11;0
21442;547;97;13;19;11;0
21451;533;97;13;19;11;0
21452;625;116;12;19;11;0
21453;519;97;13;19;11;0
21454;651;116;12;19;11;0
21462;664;116;12;19;11;0
21463;491;97;13;19;11;0
21475;61;363;11;19;11;1
21476;703;116;12;19;11;0
21477;716;116;12;19;11;0
21483;477;97;13;19;11;0
21484;742;116;12;19;11;0
21487;755;116;12;19;11;0
21488;463;97;13;19;11;0
21490;781;116;12;19;11;0
21491;794;116;12;19;11;0
21495;807;116;12;19;11;0
21496;820;116;12;19;11;0
21508;833;116;12;19;11;0
21512;846;116;12;19;11;0
21516;859;116;12;19;11;0
21517;872;116;12;19;11;0
21520;885;116;12;19;11;0
21521;898;116;12;19;11;0
21531;911;116;12;19;11;0
21542;449;97;13;19;11;0
21547;421;97;13;19;11;0
21560;393;97;13;19;11;0
21561;379;97;13;19;11;0
21578;976;116;12;19;11;0
21608;989;116;12;19;11;0
21610;1002;116;12;19;11;0
21619;365;97;13;19;11;0
21621;14;135;12;19;11;0
21628;27;135;12;19;11;0
21629;40;135;12;19;11;0
21638;53;135;12;19;11;0
21644;66;135;12;19;11;0
21682;253;97;13;19;11;0
21697;92;135;12;19;11;0
21729;105;135;12;19;11;0
21742;118;135;12;19;11;0
21807;131;135;12;19;11;0
21809;144;135;12;19;11;0
21830;157;135;12;19;11;0
21839;170;135;12;19;11;0
21914;239;97;13;19;11;0
21916;196;135;12;19;11;0
21927;197;97;13;19;11;0
21942;222;135;12;19;11;0
21978;235;135;12;19;11;0
22120;169;97;13;19;11;0
22132;155;97;13;19;11;0
22234;274;135;12;19;11;0
22235;287;135;12;19;11;0
22238;300;135;12;19;11;0
22243;313;135;12;19;11;0
22256;326;135;12;19;11;0
22258;339;135;12;19;11;0
22259;352;135;12;19;11;0
22266;365;135;12;19;11;0
22269;378;135;12;19;11;0
22290;391;135;12;19;11;0
22303;404;135;12;19;11;0
22311;417;135;12;19;11;0
22312;430;135;12;19;11;0
22320;127;97;13;19;11;0
22343;456;135;12;19;11;0
22346;469;135;12;19;11;0
22402;482;135;12;19;11;0
22411;495;135;12;19;11;0
22434;99;97;13;19;11;0
22467;521;135;12;19;11;0
22475;85;97;13;19;11;0
22478;71;97;13;19;11;0
22495;560;135;12;19;11;0
22519;573;135;12;19;11;0
22522;57;97;13;19;11;0
22570;599;135;12;19;11;0
22577;43;97;13;19;11;0
22580;625;135;12;19;11;0
22602;638;135;12;19;11;0
22659;651;135;12;19;11;0
22675;29;97;13;19;11;0
22679;677;135;12;19;11;0
22721;15;97;13;19;11;0
22730;1;97;13;19;11;0
22732;995;78;13;19;11;0
22763;729;135;12;19;11;0
22766;742;135;12;19;11;0
22768;755;135;12;19;11;0
22770;981;78;13;19;11;0
22793;967;78;13;19;11;0
22799;953;78;13;19;11;0
22806;807;135;12;19;11;0
22810;820;135;12;19;11;0
22812;939;78;13;19;11;0
22818;846;135;12;19;11;0
22823;827;78;13;19;11;0
22825;813;78;13;19;11;0
22827;785;78;13;19;11;0
22830;898;135;12;19;11;0
22833;771;78;13;19;11;0
22855;924;135;12;19;11;0
22856;743;78;13;19;11;0
22857;729;78;13;19;11;0
22863;673;78;13;19;11;0
22885;659;78;13;19;11;0
22888;645;78;13;19;11;0
22890;617;78;13;19;11;0
22899;1;154;12;19;11;0
22909;589;78;13;19;11;0
22914;27;154;12;19;11;0
22916;40;154;12;19;11;0
22937;53;154;12;19;11;0
22949;66;154;12;19;11;0
22985;575;78;13;19;11;0
22987;92;154;12;19;11;0
23019;105;154;12;19;11;0
23039;118;154;12;19;11;0
23041;131;154;12;19;11;0
23064;144;154;12;19;11;0
23130;157;154;12;19;11;0
23142;170;154;12;19;11;0
23244;183;154;12;19;11;0
23265;196;154;12;19;11;0
23330;209;154;12;19;11;0
23376;222;154;12;19;11;0
23383;235;154;12;19;11;0
23384;561;78;13;19;11;0
23396;547;78;13;19;11;0
23398;274;154;12;19;11;0
23429;519;78;13;19;11;0
23432;300;154;12;19;11;0
23433;313;154;12;19;11;0
23436;505;78;13;19;11;0
23448;339;154;12;19;11;0
23450;352;154;12;19;11;0
23453;365;154;12;19;11;0
23455;491;78;13;19;11;0
23458;391;154;12;19;11;0
23459;404;154;12;19;11;0
23460;417;154;12;19;11;0
23470;430;154;12;19;11;0
23475;443;154;12;19;11;0
23478;456;154;12;19;11;0
23481;469;154;12;19;11;0
23487;482;154;12;19;11;0
23490;495;154;12;19;11;0
23492;508;154;12;19;11;0
23494;521;154;12;19;11;0
23500;534;154;12;19;11;0
23506;463;78;13;19;11;0
23515;449;78;13;19;11;0
23517;573;154;12;19;11;0
23534;586;154;12;19;11;0
23550;599;154;12;19;11;0
23553;421;78;13;19;11;0
23554;625;154;12;19;11;0
23556;638;154;12;19;11;0
23562;651;154;12;19;11;0
23566;664;154;12;19;11;0
23567;677;154;12;19;11;0
23569;690;154;12;19;11;0
23601;703;154;12;19;11;0
23613;716;154;12;19;11;0
23616;729;154;12;19;11;0
23621;742;154;12;19;11;0
23624;755;154;12;19;11;0
23626;768;154;12;19;11;0
23627;781;154;12;19;11;0
23637;794;154;12;19;11;0
23646;807;154;12;19;11;0
23652;820;154;12;19;11;0
23653;833;154;12;19;11;0
23665;49;363;11;19;11;1
23721;859;154;12;19;11;0
23769;407;78;13;19;11;0
23798;885;154;12;19;11;0
23815;898;154;12;19;11;0
23849;911;154;12;19;11;0
23888;924;154;12;19;11;0
24029;37;363;11;19;11;0
24035;393;78;13;19;11;0
24037;963;154;12;19;11;0
24038;976;154;12;19;11;0
24040;25;363;11;19;11;1
24046;1002;154;12;19;11;0
24049;1;173;12;19;11;0
24059;365;78;13;19;11;0
24066;27;173;12;19;11;0
24067;40;173;12;19;11;0
24076;53;173;12;19;11;0
24093;337;78;13;19;11;0
24107;323;78;13;19;11;0
24109;92;173;12;19;11;0
24111;105;173;12;19;11;0
24112;118;173;12;19;11;0
24115;309;78;13;19;11;0
24120;144;173;12;19;11;0
24125;281;78;13;19;11;0
24133;267;78;13;19;11;0
24149;253;78;13;19;11;0
24178;196;173;12;19;11;0
24179;209;173;12;19;11;0
24180;222;173;12;19;11;0
24184;235;173;12;19;11;0
24188;248;173;12;19;11;0
24190;239;78;13;19;11;0
24195;274;173;12;19;11;0
24202;287;173;12;19;11;0
24207;300;173;12;19;11;0
24213;313;173;12;19;11;0
24215;326;173;12;19;11;0
24230;339;173;12;19;11;0
24231;352;173;12;19;11;0
24235;365;173;12;19;11;0
24237;225;78;13;19;11;0
24247;391;173;12;19;11;0
24259;404;173;12;19;11;0
24310;417;173;12;19;11;0
24311;430;173;12;19;11;0
24314;443;173;12;19;11;0
24330;211;78;13;19;11;0
24335;183;78;13;19;11;0
24341;13;363;11;19;11;0
24358;495;173;12;19;11;0
24369;508;173;12;19;11;0
24373;521;173;12;19;11;0
24375;534;173;12;19;11;0
24382;169;78;13;19;11;0
24403;560;173;12;19;11;0
24418;573;173;12;19;11;0
24425;141;78;13;19;11;0
24427;127;78;13;19;11;0
24432;113;78;13;19;11;0
24433;625;173;12;19;11;0
24441;638;173;12;19;11;0
24444;99;78;13;19;11;0
24449;664;173;12;19;11;0
24453;677;173;12;19;11;0
24459;690;173;12;19;11;0
24460;703;173;12;19;11;0
24466;716;173;12;19;11;0
24467;729;173;12;19;11;0
24471;742;173;12;19;11;0
24481;755;173;12;19;11;0
24489;768;173;12;19;11;0
24499;85;78;13;19;11;0
24515;57;78;13;19;11;0
24517;807;173;12;19;11;0
24525;820;173;12;19;11;0
24535;43;78;13;19;11;0
24536;29;78;13;19;11;0
24537;1;78;13;19;11;0
24540;872;173;12;19;11;0
24544;885;173;12;19;11;0
24555;1009;59;13;19;11;0
24565;995;59;13;19;11;0
24594;981;59;13;19;11;0
24598;953;59;13;19;11;0
24605;950;173;12;19;11;0
24613;963;173;12;19;11;0
24615;939;59;13;19;11;0
24618;925;59;13;19;11;0
24651;897;59;13;19;11;0
24653;883;59;13;19;11;0
24656;14;192;12;19;11;0
24677;27;192;12;19;11;0
24681;40;192;12;19;11;0
24687;869;59;13;19;11;0
24693;841;59;13;19;11;0
24724;827;59;13;19;11;0
24735;92;192;12;19;11;0
24745;813;59;13;19;11;0
24746;771;59;13;19;11;0
24754;131;192;12;19;11;0
24773;144;192;12;19;11;0
24785;757;59;13;19;11;0
24794;729;59;13;19;11;0
24796;183;192;12;19;11;0
24808;196;192;12;19;11;0
24819;209;192;12;19;11;0
24841;222;192;12;19;11;0
24847;715;59;13;19;11;0
24858;701;59;13;19;11;0
24859;687;59;13;19;11;0
24863;274;192;12;19;11;0
24904;673;59;13;19;11;0
24907;300;192;12;19;11;0
24931;313;192;12;19;11;0
24942;326;192;12;19;11;0
24974;339;192;12;19;11;0
25014;352;192;12;19;11;0
25040;659;59;13;19;11;0
25074;378;192;12;19;11;0
25104;391;192;12;19;11;0
25105;645;59;13;19;11;0
25126;417;192;12;19;11;0
25151;430;192;12;19;11;0
25152;443;192;12;19;11;0
25161;456;192;12;19;11;0
25163;469;192;12;19;11;0
25165;482;192;12;19;11;0
25171;495;192;12;19;11;0
25173;617;59;13;19;11;0
25201;521;192;12;19;11;0
25215;534;192;12;19;11;0
25216;603;59;13;19;11;0
25226;575;59;13;19;11;0
25233;573;192;12;19;11;0
25237;586;192;12;19;11;0
25239;599;192;12;19;11;0
25240;612;192;12;19;11;0
25244;625;192;12;19;11;0
25246;561;59;13;19;11;0
25259;547;59;13;19;11;0
25265;664;192;12;19;11;0
25269;677;192;12;19;11;0
25273;690;192;12;19;11;0
25276;703;192;12;19;11;0
25285;716;192;12;19;11;0
25293;729;192;12;19;11;0
25296;742;192;12;19;11;0
25298;755;192;12;19;11;0
25307;768;192;12;19;11;0
25309;781;192;12;19;11;0
25312;533;59;13;19;11;0
25313;807;192;12;19;11;0
25335;820;192;12;19;11;0
25342;833;192;12;19;11;0
25345;846;192;12;19;11;0
25351;859;192;12;19;11;0
25361;519;59;13;19;11;0
25369;505;59;13;19;11;0
25387;491;59;13;19;11;0
25391;911;192;12;19;11;0
25429;924;192;12;19;11;0
25436;937;192;12;19;11;0
25448;950;192;12;19;11;0
25475;963;192;12;19;11;0
25480;477;59;13;19;11;0
25490;989;192;12;19;11;0
25496;1002;192;12;19;11;0
25505;1;211;12;19;11;0
25506;463;59;13;19;11;0
25509;27;211;12;19;11;0
25511;449;59;13;19;11;0
25512;53;211;12;19;11;0
25522;66;211;12;19;11;0
25551;79;211;12;19;11;0
25552;92;211;12;19;11;0
25563;105;211;12;19;11;0
25569;435;59;13;19;11;0
25582;131;211;12;19;11;0
25588;144;211;12;19;11;0
25594;157;211;12;19;11;0
25613;170;211;12;19;11;0
25666;183;211;12;19;11;0
25705;196;211;12;19;11;0
25731;407;59;13;19;11;0
25774;222;211;12;19;11;0
25793;393;59;13;19;11;0
25805;379;59;13;19;11;0
25903;365;59;13;19;11;0
25913;351;59;13;19;11;0
25915;287;211;12;19;11;0
25918;337;59;13;19;11;0
25919;313;211;12;19;11;0
25925;326;211;12;19;11;0
25935;339;211;12;19;11;0
25937;352;211;12;19;11;0
25943;365;211;12;19;11;0
25945;378;211;12;19;11;0
25954;391;211;12;19;11;0
25955;404;211;12;19;11;0
25964;417;211;12;19;11;0
25968;430;211;12;19;11;0
25972;323;59;13;19;11;0
25973;456;211;12;19;11;0
25975;469;211;12;19;11;0
25991;309;59;13;19;11;0
26007;495;211;12;19;11;0
26009;508;211;12;19;11;0
26023;521;211;12;19;11;0
26029;534;211;12;19;11;0
26032;547;211;12;19;11;0
26041;560;211;12;19;11;0
26053;281;59;13;19;11;0
26059;267;59;13;19;11;0
26063;599;211;12;19;11;0
26082;612;211;12;19;11;0
26085;780;363;10;19;11;1
26087;1004;344;11;19;11;1
26089;651;211;12;19;11;0
26118;239;59;13;19;11;0
26119;677;211;12;19;11;0
26126;690;211;12;19;11;0
26131;859;344;12;19;11;0
26132;716;211;12;19;11;0
26143;729;211;12;19;11;0
26144;183;59;13;19;11;0
26149;169;59;13;19;11;0
26151;155;59;13;19;11;0
26152;781;211;12;19;11;0
26172;794;211;12;19;11;0
26178;807;211;12;19;11;0
26217;127;59;13;19;11;0
26222;833;211;12;19;11;0
26223;846;211;12;19;11;0
26228;859;211;12;19;11;0
26230;872;211;12;19;11;0
26247;885;211;12;19;11;0
26262;99;59;13;19;11;0
26263;911;211;12;19;11;0
26286;71;59;13;19;11;0
26292;43;59;13;19;11;0
26332;950;211;12;19;11;0
26354;980;344;11;19;11;1
26356;15;59;13;19;11;0
26360;989;211;12;19;11;0
26367;1002;211;12;19;11;0
26368;1009;40;13;19;11;0
26376;968;344;11;19;11;0
26377;27;230;12;19;11;0
26381;40;230;12;19;11;0
26391;53;230;12;19;11;0
26395;66;230;12;19;11;0
26397;79;230;12;19;11;0
26399;92;230;12;19;11;0
26408;981;40;13;19;11;0
26410;953;40;13;19;11;0
26411;925;40;13;19;11;0
26412;911;40;13;19;11;0
26413;897;40;13;19;11;0
26441;883;40;13;19;11;0
26448;869;40;13;19;11;0
26463;855;40;13;19;11;0
26465;841;40;13;19;11;0
26469;827;40;13;19;11;0
26479;235;230;12;19;11;0
26481;813;40;13;19;11;0
26495;261;230;12;19;11;0
26512;274;230;12;19;11;0
26517;287;230;12;19;11;0
26522;300;230;12;19;11;0
26524;799;40;13;19;11;0
26525;326;230;12;19;11;0
26528;339;230;12;19;11;0
26543;352;230;12;19;11;0
26564;365;230;12;19;11;0
26576;785;40;13;19;11;0
26579;771;40;13;19;11;0
26580;743;40;13;19;11;0
26609;417;230;12;19;11;0
26628;729;40;13;19;11;0
26657;701;40;13;19;11;0
26666;456;230;12;19;11;0
26680;469;230;12;19;11;0
26681;482;230;12;19;11;0
26684;495;230;12;19;11;0
26696;687;40;13;19;11;0
26800;521;230;12;19;11;0
26820;673;40;13;19;11;0
26834;547;230;12;19;11;0
26842;560;230;12;19;11;0
26862;659;40;13;19;11;0
26866;586;230;12;19;11;0
26908;599;230;12;19;11;0
26989;631;40;13;19;11;0
26997;625;230;12;19;11;0
27005;617;40;13;19;11;0
27083;651;230;12;19;11;0
27096;603;40;13;19;11;0
27161;677;230;12;19;11;0
27177;690;230;12;19;11;0
27178;703;230;12;19;11;0
27211;716;230;12;19;11;0
27231;729;230;12;19;11;0
27396;742;230;12;19;11;0
27424;755;230;12;19;11;0
27425;589;40;13;19;11;0
27442;781;230;12;19;11;0
27468;794;230;12;19;11;0
27475;575;40;13;19;11;0
27490;820;230;12;19;11;0
27491;833;230;12;19;11;0
27492;846;230;12;19;11;0
27494;561;40;13;19;11;0
27497;547;40;13;19;11;0
27503;885;230;12;19;11;0
27507;533;40;13;19;11;0
27508;911;230;12;19;11;0
27515;519;40;13;19;11;0
27530;937;230;12;19;11;0
27531;505;40;13;19;11;0
27572;491;40;13;19;11;0
27573;976;230;12;19;11;0
27578;989;230;12;19;11;0
27583;1002;230;12;19;11;0
27597;1;249;12;19;11;0
27598;14;249;12;19;11;0
27602;27;249;12;19;11;0
27604;477;40;13;19;11;0
27611;53;249;12;19;11;0
27663;449;40;13;19;11;0
27665;435;40;13;19;11;0
27671;421;40;13;19;11;0
27700;407;40;13;19;11;0
27703;393;40;13;19;11;0
27704;379;40;13;19;11;0
27713;144;249;12;19;11;0
27714;365;40;13;19;11;0
27735;170;249;12;19;11;0
27738;183;249;12;19;11;0
27744;196;249;12;19;11;0
27770;323;40;13;19;11;0
27784;309;40;13;19;11;0
27788;235;249;12;19;11;0
27809;248;249;12;19;11;0
27833;261;249;12;19;11;0
27835;274;249;12;19;11;0
27841;287;249;12;19;11;0
27849;281;40;13;19;11;0
27850;313;249;12;19;11;0
27861;267;40;13;19;11;0
27873;339;249;12;19;11;0
27874;352;249;12;19;11;0
27875;365;249;12;19;11;0
27880;378;249;12;19;11;0
27888;391;249;12;19;11;0
27891;404;249;12;19;11;0
27915;417;249;12;19;11;0
27927;239;40;13;19;11;0
27934;443;249;12;19;11;0
27963;456;249;12;19;11;0
27966;469;249;12;19;11;0
27969;482;249;12;19;11;0
27972;495;249;12;19;11;0
28014;508;249;12;19;11;0
28020;225;40;13;19;11;0
28023;534;249;12;19;11;0
28024;547;249;12;19;11;0
28040;197;40;13;19;11;0
28057;183;40;13;19;11;0
28082;169;40;13;19;11;0
28129;155;40;13;19;11;0
28145;141;40;13;19;11;0
28149;625;249;12;19;11;0
28151;638;249;12;19;11;0
28155;651;249;12;19;11;0
28165;664;249;12;19;11;0
28168;677;249;12;19;11;0
28171;690;249;12;19;11;0
28187;113;40;13;19;11;0
28193;85;40;13;19;11;0
28201;729;249;12;19;11;0
28204;742;249;12;19;11;0
28246;755;249;12;19;11;0
28271;768;249;12;19;11;0
28287;781;249;12;19;11;0
28288;794;249;12;19;11;0
28304;71;40;13;19;11;0
28310;820;249;12;19;11;0
28342;833;249;12;19;11;0
28357;846;249;12;19;11;0
28381;859;249;12;19;11;0
28382;872;249;12;19;11;0
28436;885;249;12;19;11;0
28450;898;249;12;19;11;0
28500;57;40;13;19;11;0
28608;924;249;12;19;11;0
28611;43;40;13;19;11;0
28655;950;249;12;19;11;0
28734;963;249;12;19;11;0
28779;976;249;12;19;11;0
28783;989;249;12;19;11;0
28797;1002;249;12;19;11;0
28814;1;268;12;19;11;0
28845;14;268;12;19;11;0
28857;15;40;13;19;11;0
28858;40;268;12;19;11;0
28937;53;268;12;19;11;0
28961;1;40;13;19;11;0
28966;79;268;12;19;11;0
28982;1009;21;13;19;11;0
28988;105;268;12;19;11;0
29017;118;268;12;19;11;0
29031;131;268;12;19;11;0
29087;981;21;13;19;11;0
29105;953;21;13;19;11;0
29123;170;268;12;19;11;0
29190;939;21;13;19;11;0
29211;196;268;12;19;11;0
29238;209;268;12;19;11;0
29255;222;268;12;19;11;0
29256;235;268;12;19;11;0
29275;248;268;12;19;11;0
29282;261;268;12;19;11;0
29289;274;268;12;19;11;0
29305;287;268;12;19;11;0
29356;925;21;13;19;11;0
29359;313;268;12;19;11;0
29366;326;268;12;19;11;0
29401;339;268;12;19;11;0
29420;352;268;12;19;11;0
29421;365;268;12;19;11;0
29483;378;268;12;19;11;0
29486;391;268;12;19;11;0
29508;404;268;12;19;11;0
29539;417;268;12;19;11;0
29554;430;268;12;19;11;0
29572;443;268;12;19;11;0
29575;456;268;12;19;11;0
29577;469;268;12;19;11;0
29579;482;268;12;19;11;0
29694;495;268;12;19;11;0
29699;508;268;12;19;11;0
29702;521;268;12;19;11;0
29872;534;268;12;19;11;0
29976;547;268;12;19;11;0
29983;560;268;12;19;11;0
29987;573;268;12;19;11;0
29992;956;344;11;19;11;0
30001;944;344;11;19;11;1
30003;932;344;11;19;11;1
30007;625;268;12;19;11;0
30010;883;21;13;19;11;0
30011;651;268;12;19;11;0
30028;664;268;12;19;11;0
30053;869;21;13;19;11;0
30058;855;21;13;19;11;0
30064;703;268;12;19;11;0
30097;716;268;12;19;11;0
30130;799;21;13;19;11;0
30149;742;268;12;19;11;0
30151;755;268;12;19;11;0
30171;768;268;12;19;11;0
30274;785;21;13;19;11;0
30330;794;268;12;19;11;0
30331;757;21;13;19;11;0
30333;813;363;10;19;11;1
30334;833;268;12;19;11;0
30340;846;268;12;19;11;0
30342;859;268;12;19;11;0
30382;872;268;12;19;11;0
30399;885;268;12;19;11;0
30423;898;268;12;19;11;0
30427;911;268;12;19;11;0
30435;924;268;12;19;11;0
30436;937;268;12;19;11;0
30446;857;363;10;19;11;1
30450;963;268;12;19;11;0
30452;976;268;12;19;11;0
30456;989;268;12;19;11;0
30462;1002;268;12;19;11;0
30465;1;287;12;19;11;0
30475;14;287;12;19;11;0
30495;27;287;12;19;11;0
30496;40;287;12;19;11;0
30519;743;21;13;19;11;0
30522;729;21;13;19;11;0
30528;79;287;12;19;11;0
30636;92;287;12;19;11;0
30643;105;287;12;19;11;0
30690;715;21;13;19;11;0
30693;131;287;12;19;11;0
30701;144;287;12;19;11;0
30707;157;287;12;19;11;0
30722;170;287;12;19;11;0
30741;701;21;13;19;11;0
30770;673;21;13;19;11;0
30772;209;287;12;19;11;0
30906;222;287;12;19;11;0
30952;235;287;12;19;11;0
30990;248;287;12;19;11;0
31034;659;21;13;19;11;0
31036;274;287;12;19;11;0
31038;287;287;12;19;11;0
31048;300;287;12;19;11;0
31069;313;287;12;19;11;0
31070;326;287;12;19;11;0
31085;339;287;12;19;11;0
31105;645;21;13;19;11;0
31168;631;21;13;19;11;0
31169;589;21;13;19;11;0
31185;575;21;13;19;11;0
31186;404;287;12;19;11;0
31192;417;287;12;19;11;0
31209;547;21;13;19;11;0
31216;443;287;12;19;11;0
31227;456;287;12;19;11;0
31243;469;287;12;19;11;0
31246;482;287;12;19;11;0
31278;495;287;12;19;11;0
31292;533;21;13;19;11;0
31295;521;287;12;19;11;0
31309;519;21;13;19;11;0
31311;547;287;12;19;11;0
31348;560;287;12;19;11;0
31350;505;21;13;19;11;0
31354;586;287;12;19;11;0
31361;491;21;13;19;11;0
31379;477;21;13;19;11;0
31391;625;287;12;19;11;0
31435;638;287;12;19;11;0
31452;449;21;13;19;11;0
31461;664;287;12;19;11;0
31471;677;287;12;19;11;0
31478;690;287;12;19;11;0
31505;435;21;13;19;11;0
31526;716;287;12;19;11;0
31532;729;287;12;19;11;0
31558;742;287;12;19;11;0
31561;755;287;12;19;11;0
31563;768;287;12;19;11;0
31568;781;287;12;19;11;0
31572;794;287;12;19;11;0
31639;807;287;12;19;11;0
31649;820;287;12;19;11;0
31665;833;287;12;19;11;0
31680;846;287;12;19;11;0
31684;859;287;12;19;11;0
31689;421;21;13;19;11;0
31777;885;287;12;19;11;0
31881;407;21;13;19;11;0
31934;911;287;12;19;11;0
31958;393;21;13;19;11;0
31992;937;287;12;19;11;0
31995;950;287;12;19;11;0
32004;963;287;12;19;11;0
32013;976;287;12;19;11;0
32020;989;287;12;19;11;0
32025;1002;287;12;19;11;0
32026;379;21;13;19;11;0
32027;365;21;13;19;11;0
32032;27;306;12;19;11;0
32034;40;306;12;19;11;0
32048;53;306;12;19;11;0
32051;66;306;12;19;11;0
32057;79;306;12;19;11;0
32066;92;306;12;19;11;0
32068;105;306;12;19;11;0
32076;118;306;12;19;11;0
32080;131;306;12;19;11;0
32097;144;306;12;19;11;0
32098;157;306;12;19;11;0
32102;170;306;12;19;11;0
32113;351;21;13;19;11;0
32117;196;306;12;19;11;0
32118;209;306;12;19;11;0
32153;222;306;12;19;11;0
32154;281;21;13;19;11;0
32173;248;306;12;19;11;0
32191;261;306;12;19;11;0
32202;274;306;12;19;11;0
32209;287;306;12;19;11;0
32218;300;306;12;19;11;0
32232;313;306;12;19;11;0
32244;253;21;13;19;11;0
32257;225;21;13;19;11;0
32260;352;306;12;19;11;0
32283;365;306;12;19;11;0
32294;378;306;12;19;11;0
32302;197;21;13;19;11;0
32318;155;21;13;19;11;0
32321;417;306;12;19;11;0
32566;430;306;12;19;11;0
32618;443;306;12;19;11;0
32622;456;306;12;19;11;0
32624;469;306;12;19;11;0
32654;127;21;13;19;11;0
32676;495;306;12;19;11;0
32680;113;21;13;19;11;0
32681;99;21;13;19;11;0
32701;534;306;12;19;11;0
32722;547;306;12;19;11;0
32763;560;306;12;19;11;0
32764;573;306;12;19;11;0
32769;586;306;12;19;11;0
32771;599;306;12;19;11;0
32773;612;306;12;19;11;0
32784;625;306;12;19;11;0
32819;85;21;13;19;11;0
32854;651;306;12;19;11;0
32862;664;306;12;19;11;0
32884;57;21;13;19;11;0
32887;690;306;12;19;11;0
32905;703;306;12;19;11;0
32908;716;306;12;19;11;0
32925;729;306;12;19;11;0
32930;742;306;12;19;11;0
32937;755;306;12;19;11;0
32946;768;306;12;19;11;0
32963;923;363;10;19;11;1
32966;794;306;12;19;11;0
32972;15;21;13;19;11;0
32990;820;306;12;19;11;0
33012;833;306;12;19;11;0
33016;846;306;12;19;11;0
33021;859;306;12;19;11;0
33032;1;21;13;19;11;0
33050;885;306;12;19;11;0
33073;898;306;12;19;11;0
33075;1009;2;13;19;11;0
33104;924;306;12;19;11;0
33109;995;2;13;19;11;0
33136;967;2;13;19;11;0
33144;963;306;12;19;11;0
33145;976;306;12;19;11;0
33192;989;306;12;19;11;0
33222;1002;306;12;19;11;0
33251;884;344;11;19;11;1
33258;934;363;10;19;11;1
33261;939;2;13;19;11;0
33267;40;325;12;19;11;0
33268;53;325;12;19;11;0
33288;925;2;13;19;11;0
33292;79;325;12;19;11;0
33296;92;325;12;19;11;0
33310;105;325;12;19;11;0
33324;118;325;12;19;11;0
33337;131;325;12;19;11;0
33391;144;325;12;19;11;0
33394;911;2;13;19;11;0
33455;897;2;13;19;11;0
33457;883;2;13;19;11;0
33464;196;325;12;19;11;0
33509;209;325;12;19;11;0
33510;222;325;12;19;11;0
33521;869;2;13;19;11;0
33538;855;2;13;19;11;0
33590;841;2;13;19;11;0
33609;274;325;12;19;11;0
33618;827;2;13;19;11;0
33624;300;325;12;19;11;0
33655;313;325;12;19;11;0
33747;813;2;13;19;11;0
33756;799;2;13;19;11;0
33775;352;325;12;19;11;0
33853;785;2;13;19;11;0
33865;771;2;13;19;11;0
33900;391;325;12;19;11;0
33988;743;2;13;19;11;0
34101;729;2;13;19;11;0
34180;430;325;12;19;11;0
34220;715;2;13;19;11;0
34384;456;325;12;19;11;0
34394;469;325;12;19;11;0
34411;482;325;12;19;11;0
34509;495;325;12;19;11;0
34542;701;2;13;19;11;0
34678;521;325;12;19;11;0
34701;534;325;12;19;11;0
34880;547;325;12;19;11;0
34892;560;325;12;19;11;0
34899;573;325;12;19;11;0
34903;586;325;12;19;11;0
34909;599;325;12;19;11;0
34913;612;325;12;19;11;0
34920;687;2;13;19;11;0
34955;603;2;13;19;11;0
34987;589;2;13;19;11;0
35009;575;2;13;19;11;0
35010;561;2;13;19;11;0
35013;547;2;13;19;11;0
35023;533;2;13;19;11;0
35029;716;325;12;19;11;0
35036;729;325;12;19;11;0
35069;742;325;12;19;11;0
35079;755;325;12;19;11;0
35090;519;2;13;19;11;0
35186;781;325;12;19;11;0
35199;794;325;12;19;11;0
35201;807;325;12;19;11;0
35206;491;2;13;19;11;0
35207;833;325;12;19;11;0
35211;846;325;12;19;11;0
35215;859;325;12;19;11;0
35222;872;325;12;19;11;0
35226;477;2;13;19;11;0
35239;898;325;12;19;11;0
35242;911;325;12;19;11;0
35251;449;2;13;19;11;0
35282;937;325;12;19;11;0
35299;950;325;12;19;11;0
35302;435;2;13;19;11;0
35328;976;325;12;19;11;0
35336;989;325;12;19;11;0
35342;1002;325;12;19;11;0
35347;1;344;12;19;11;0
35352;14;344;12;19;11;0
35370;27;344;12;19;11;0
35373;40;344;12;19;11;0
35377;53;344;12;19;11;0
35379;421;2;13;19;11;0
35382;407;2;13;19;11;0
35388;92;344;12;19;11;0
35413;105;344;12;19;11;0
35430;118;344;12;19;11;0
35433;131;344;12;19;11;0
35440;144;344;12;19;11;0
35441;157;344;12;19;11;0
35463;170;344;12;19;11;0
35465;393;2;13;19;11;0
35469;196;344;12;19;11;0
35475;209;344;12;19;11;0
35477;379;2;13;19;11;0
35480;235;344;12;19;11;0
35486;365;2;13;19;11;0
35488;261;344;12;19;11;0
35492;274;344;12;19;11;0
35500;351;2;13;19;11;0
35501;300;344;12;19;11;0
35504;313;344;12;19;11;0
35506;326;344;12;19;11;0
35519;339;344;12;19;11;0
35527;352;344;12;19;11;0
35531;365;344;12;19;11;0
35542;378;344;12;19;11;0
35576;391;344;12;19;11;0
35582;404;344;12;19;11;0
35585;417;344;12;19;11;0
35611;430;344;12;19;11;0
35613;443;344;12;19;11;0
35617;456;344;12;19;11;0
35635;469;344;12;19;11;0
35672;337;2;13;19;11;0
35674;495;344;12;19;11;0
35686;323;2;13;19;11;0
35696;521;344;12;19;11;0
35703;534;344;12;19;11;0
35914;547;344;12;19;11;0
35937;309;2;13;19;11;0
35946;295;2;13;19;11;0
35997;281;2;13;19;11;0
36000;267;2;13;19;11;0
36001;239;2;13;19;11;0
36002;225;2;13;19;11;0
36008;211;2;13;19;11;0
36009;651;344;12;19;11;0
36011;141;2;13;19;11;0
36012;127;2;13;19;11;0
36015;113;2;13;19;11;0
36020;99;2;13;19;11;0
36023;85;2;13;19;11;0
36024;71;2;13;19;11;0
36027;742;344;12;19;11;0
36035;57;2;13;19;11;0
36039;43;2;13;19;11;0
36042;15;2;13;19;11;0
36059;687;97;13;19;11;0
36060;807;344;12;19;11;0
36062;820;344;12;19;11;0
36066;833;344;12;19;11;0
36074;846;344;12;19;11;0
36092;1;2;13;19;11;0
36104;14;325;12;19;11;0
36196;953;2;13;19;11;0
36208;29;21;13;19;11;0
36215;950;268;12;19;11;0
36229;820;268;12;19;11;0
36234;612;268;12;19;11;0
36259;911;21;13;19;11;0
36275;586;268;12;19;11;0
36317;14;230;12;19;11;0
36321;29;59;13;19;11;0
36335;211;59;13;19;11;0
36367;638;211;12;19;11;0
36468;253;59;13;19;11;0
36523;482;173;12;19;11;0
36554;989;154;12;19;11;0
36557;937;154;12;19;11;0
36562;846;154;12;19;11;0
36578;690;116;12;19;11;0
36605;430;116;12;19;11;0
36611;300;116;12;19;11;0
36637;561;97;13;19;11;0
36649;612;116;12;19;11;0
36650;967;59;13;19;11;0
36763;937;173;12;19;11;0
36766;976;173;12;19;11;0
36785;911;59;13;19;11;0
36794;1002;173;12;19;11;0
36795;855;59;13;19;11;0
36796;66;192;12;19;11;0
36805;79;192;12;19;11;0
36814;105;192;12;19;11;0
36817;785;59;13;19;11;0
36820;118;192;12;19;11;0
36843;157;192;12;19;11;0
36855;743;59;13;19;11;0
36861;235;192;12;19;11;0
36864;261;192;12;19;11;0
36865;631;59;13;19;11;0
36867;872;192;12;19;11;0
36870;898;192;12;19;11;0
36879;40;211;12;19;11;0
36880;235;211;12;19;11;0
36884;443;211;12;19;11;0
36889;482;211;12;19;11;0
36890;625;211;12;19;11;0
36894;664;211;12;19;11;0
36895;755;211;12;19;11;0
36896;768;211;12;19;11;0
36899;976;211;12;19;11;0
36910;131;230;12;19;11;0
36913;157;230;12;19;11;0
36914;183;230;12;19;11;0
36930;196;230;12;19;11;0
36933;209;230;12;19;11;0
36935;248;230;12;19;11;0
36938;378;230;12;19;11;0
36939;391;230;12;19;11;0
36942;757;40;13;19;11;0
36947;534;230;12;19;11;0
36948;638;230;12;19;11;0
36949;664;230;12;19;11;0
36960;807;230;12;19;11;0
36969;872;230;12;19;11;0
36973;924;230;12;19;11;0
36984;950;230;12;19;11;0
36991;66;249;12;19;11;0
37034;79;249;12;19;11;0
37048;92;249;12;19;11;0
37070;105;249;12;19;11;0
37096;326;249;12;19;11;0
37117;253;40;13;19;11;0
37197;573;249;12;19;11;0
37237;612;249;12;19;11;0
37239;807;249;12;19;11;0
37240;937;249;12;19;11;0
37266;183;268;12;19;11;0
37325;300;268;12;19;11;0
37326;897;21;13;19;11;0
37327;677;268;12;19;11;0
37329;841;21;13;19;11;0
37340;827;21;13;19;11;0
37341;813;21;13;19;11;0
37347;781;268;12;19;11;0
37444;66;287;12;19;11;0
37504;183;287;12;19;11;0
37507;687;21;13;19;11;0
37624;196;287;12;19;11;0
37682;261;287;12;19;11;0
37723;352;287;12;19;11;0
37782;617;21;13;19;11;0
37799;603;21;13;19;11;0
37857;378;287;12;19;11;0
37969;391;287;12;19;11;0
38263;561;21;13;19;11;0
38272;430;287;12;19;11;0
38281;508;287;12;19;11;0
38283;534;287;12;19;11;0
38289;573;287;12;19;11;0
38291;599;287;12;19;11;0
38306;612;287;12;19;11;0
38343;703;287;12;19;11;0
38360;872;287;12;19;11;0
38450;924;287;12;19;11;0
38459;14;306;12;19;11;0
38477;337;21;13;19;11;0
38480;323;21;13;19;11;0
38491;295;21;13;19;11;0
38499;235;306;12;19;11;0
38500;267;21;13;19;11;0
38501;326;306;12;19;11;0
38512;239;21;13;19;11;0
38518;339;306;12;19;11;0
38522;211;21;13;19;11;0
38525;391;306;12;19;11;0
38538;183;21;13;19;11;0
38542;169;21;13;19;11;0
38543;404;306;12;19;11;0
38555;141;21;13;19;11;0
38556;482;306;12;19;11;0
38560;508;306;12;19;11;0
38596;521;306;12;19;11;0
38597;638;306;12;19;11;0
38598;71;21;13;19;11;0
38599;677;306;12;19;11;0
38604;43;21;13;19;11;0
38609;781;306;12;19;11;0
38626;807;306;12;19;11;0
38627;872;306;12;19;11;0
38632;911;306;12;19;11;0
38634;937;306;12;19;11;0
38640;981;2;13;19;11;0
38642;950;306;12;19;11;0
38647;1;325;12;19;11;0
38651;27;325;12;19;11;0
38656;66;325;12;19;11;0
38684;157;325;12;19;11;0
38695;170;325;12;19;11;0
38706;183;325;12;19;11;0
38738;235;325;12;19;11;0
38745;248;325;12;19;11;0
38750;261;325;12;19;11;0
38754;287;325;12;19;11;0
38761;326;325;12;19;11;0
38899;339;325;12;19;11;0
38911;365;325;12;19;11;0
38915;378;325;12;19;11;0
38917;757;2;13;19;11;0
38918;404;325;12;19;11;0
38920;417;325;12;19;11;0
38928;443;325;12;19;11;0
38936;508;325;12;19;11;0
38957;625;325;12;19;11;0
38972;673;2;13;19;11;0
38988;659;2;13;19;11;0
38989;645;2;13;19;11;0
38996;631;2;13;19;11;0
39000;617;2;13;19;11;0
39080;638;325;12;19;11;0
39131;651;325;12;19;11;0
39135;664;325;12;19;11;0
39154;677;325;12;19;11;0
39164;690;325;12;19;11;0
39165;703;325;12;19;11;0
39166;768;325;12;19;11;0
39178;505;2;13;19;11;0
39208;820;325;12;19;11;0
39318;885;325;12;19;11;0
39321;463;2;13;19;11;0
39361;924;325;12;19;11;0
39366;963;325;12;19;11;0
39378;66;344;12;19;11;0
39438;79;344;12;19;11;0
39442;183;344;12;19;11;0
39443;222;344;12;19;11;0
39514;248;344;12;19;11;0
39592;287;344;12;19;11;0
39640;482;344;12;19;11;0
39658;508;344;12;19;11;0
39740;560;344;12;19;11;0
39746;573;344;12;19;11;0
39749;586;344;12;19;11;0
39764;599;344;12;19;11;0
39854;253;2;13;19;11;0
40165;612;344;12;19;11;0
40180;625;344;12;19;11;0
40599;638;344;12;19;11;0
40614;197;2;13;19;11;0
40644;183;2;13;19;11;0
40658;169;2;13;19;11;0
40665;155;2;13;19;11;0
40723;664;344;12;19;11;0
40736;677;344;12;19;11;0
40763;690;344;12;19;11;0
40802;703;344;12;19;11;0
65281;725;401;4;19;11;4
65285;896;344;11;19;11;1
65286;912;363;10;19;11;1
65288;682;401;5;19;11;7
65289;568;401;5;19;11;0
65290;71;382;9;19;11;2
65291;549;363;10;19;11;1
65293;527;363;10;19;11;1
65294;720;401;4;19;11;0
65295;716;344;12;19;11;0
65296;929;382;8;19;11;2
65297;646;401;5;19;11;3
65298;947;382;8;19;11;2
65299;956;382;8;19;11;2
65300;51;382;9;19;11;1
65301;974;382;8;19;11;2
65302;983;382;8;19;11;2
65303;992;382;8;19;11;2
65304;1001;382;8;19;11;2
65305;41;382;9;19;11;2
65306;715;401;4;19;11;4
65309;483;363;10;19;11;1
65311;203;401;7;19;11;3
65313;637;363;10;19;11;1
65314;195;401;7;19;11;3
65315;1;382;9;19;11;1
65316;670;363;10;19;11;1
65317;187;401;7;19;11;3
65318;179;401;7;19;11;3
65319;769;363;10;19;11;1
65320;802;363;10;19;11;1
65321;710;401;4;19;11;4
65322;524;401;6;19;11;2
65323;91;382;9;19;11;2
65324;387;401;7;19;11;3
65325;729;344;12;19;11;0
65326;967;363;10;19;11;1
65327;755;344;12;19;11;0
65328;163;401;7;19;11;3
65329;768;344;12;19;11;0
65330;73;401;8;19;11;3
65331;64;401;8;19;11;2
65332;37;401;8;19;11;2
65333;615;363;10;19;11;1
65334;516;363;10;19;11;1
65335;29;2;13;19;11;0
65336;890;363;10;19;11;1
65337;901;363;10;19;11;1
65338;81;382;9;19;11;2
65345;251;401;7;19;11;2
65346;821;382;8;19;11;2
65347;267;401;7;19;11;2
65348;812;382;8;19;11;2
65349;785;382;8;19;11;2
65350;496;401;6;19;11;3
65351;740;382;8;19;11;2
65352;307;401;7;19;11;3
65353;705;401;4;19;11;4
65354;586;401;5;19;11;3
65355;331;401;7;19;11;3
65356;700;401;4;19;11;4
65357;945;363;10;19;11;1
65358;355;401;7;19;11;3
65359;551;382;8;19;11;2
65360;515;382;8;19;11;2
65361;506;382;8;19;11;2
65362;622;401;5;19;11;4
65363;447;401;6;19;11;3
65364;419;401;6;19;11;3
65365;411;401;7;19;11;3
65366;497;382;8;19;11;2
65367;956;363;10;19;11;1
65368;344;382;8;19;11;2
65369;335;382;8;19;11;2
65370;395;401;7;19;11;3
65374;781;344;12;19;11;0
65381;1019;382;4;19;7;2
65382;308;382;8;19;7;0
65383;299;382;8;19;7;0
65384;323;401;7;19;7;0
65385;299;401;7;19;7;1
65388;291;401;7;19;7;0
65389;503;401;6;19;7;1
65390;510;401;6;19;7;1
65391;517;401;6;19;7;1
65392;290;382;8;19;7;0
65393;281;382;8;19;7;0
65394;263;382;8;19;7;0
65395;236;382;8;19;7;0
65396;227;382;8;19;7;0
65397;218;382;8;19;7;0
65398;173;382;8;19;7;0
65399;164;382;8;19;7;0
65400;155;382;8;19;7;0
65401;146;382;8;19;7;0
65402;137;382;8;19;7;0
65403;884;382;8;19;7;0
65404;893;382;8;19;7;0
65405;965;382;8;19;7;0
65406;1010;382;8;19;7;0
65407;10;401;8;19;7;0
65408;19;401;8;19;7;0
65409;362;382;8;19;7;0
65410;560;382;8;19;7;0
65411;848;382;8;19;7;0
65412;211;401;7;19;7;1
65413;857;382;8;19;7;0
65414;866;382;8;19;7;0
65416;875;382;8;19;7;0
65417;902;382;8;19;7;0
65418;82;401;8;19;7;0
65419;171;401;7;19;7;1
65420;91;401;8;19;7;0
65421;154;401;8;19;7;0
65422;317;382;8;19;7;0
65423;650;382;8;19;7;0
65424;686;382;8;19;7;0
65425;100;401;8;19;7;0
65426;1;401;8;19;7;0
65427;911;382;8;19;7;0
65428;839;382;8;19;7;0
65430;938;382;8;19;7;0
65431;128;382;8;19;7;0
65432;475;401;6;19;7;1
65433;209;382;8;19;7;0
65434;259;401;7;19;7;1
65435;524;382;8;19;7;0
65436;659;382;8;19;7;0
65437;767;382;8;19;7;0
65438;694;401;5;19;7;0
65439;688;401;5;19;7;0
