"FTT-UDKakugoC80 M";18;False;False;0;1;1;1
32;1020;602;1;25;10;0
33;621;627;4;25;10;3
34;1011;602;8;25;10;0
35;939;577;10;25;10;0
36;652;602;9;25;10;1
37;551;602;10;25;10;0
38;540;602;10;25;10;0
39;535;627;6;25;10;0
40;556;627;6;25;10;4
41;437;627;6;25;10;0
42;496;602;10;25;10;0
43;485;602;10;25;10;0
44;451;627;6;25;10;0
45;226;627;8;25;10;1
46;611;627;4;25;10;1
47;441;602;10;25;10;0
48;430;602;10;25;10;0
49;458;627;6;25;10;1
50;632;602;9;25;10;0
51;642;602;9;25;10;0
52;386;602;10;25;10;0
53;199;627;8;25;10;1
54;364;602;10;25;10;0
55;672;602;9;25;10;1
56;342;602;10;25;10;0
57;331;602;10;25;10;0
58;601;627;4;25;10;3
59;465;627;6;25;10;2
60;298;602;10;25;10;0
61;287;602;10;25;10;0
62;276;602;10;25;10;0
63;702;602;9;25;10;1
64;254;602;10;25;10;0
65;243;602;10;25;10;0
66;712;602;9;25;10;1
67;722;602;9;25;10;0
68;732;602;9;25;10;1
69;100;627;8;25;10;1
70;752;602;9;25;10;1
71;177;602;10;25;10;0
72;64;627;8;25;10;1
73;591;627;4;25;10;3
74;367;627;7;25;10;1
75;792;602;9;25;10;1
76;812;602;9;25;10;1
77;111;602;10;25;10;0
78;46;627;8;25;10;1
79;89;602;10;25;10;0
80;852;602;9;25;10;1
81;67;602;10;25;10;0
82;862;602;9;25;10;1
83;892;602;9;25;10;1
84;34;602;10;25;10;0
85;23;602;10;25;10;0
86;12;602;10;25;10;0
87;507;602;10;25;10;0
88;1005;577;10;25;10;0
89;994;577;10;25;10;0
90;983;577;10;25;10;0
91;479;627;6;25;10;4
92;961;577;10;25;10;0
93;493;627;6;25;10;0
94;19;627;8;25;10;1
95;928;577;10;25;10;0
96;507;627;6;25;10;4
97;922;602;9;25;10;0
98;932;602;9;25;10;1
99;1;627;8;25;10;1
100;962;602;9;25;10;0
101;862;577;10;25;10;0
102;343;627;7;25;10;1
103;840;577;10;25;10;0
104;244;627;8;25;10;1
105;581;627;4;25;10;3
106;415;627;7;25;10;1
107;952;602;9;25;10;1
108;586;627;4;25;10;3
109;774;577;10;25;10;0
110;10;627;8;25;10;1
111;752;577;10;25;10;0
112;912;602;9;25;10;1
113;842;602;9;25;10;0
114;335;627;7;25;10;2
115;82;627;8;25;10;1
116;319;627;7;25;10;1
117;127;627;8;25;10;1
118;763;577;10;25;10;0
119;796;577;10;25;10;0
120;829;577;10;25;10;0
121;851;577;10;25;10;0
122;136;627;8;25;10;1
123;549;627;6;25;10;4
124;626;627;4;25;10;3
125;542;627;6;25;10;0
126;311;627;7;25;8;1
8213;596;27;16;25;15;0
8220;303;627;7;25;15;8
8221;295;627;7;25;15;0
8230;316;552;14;25;15;1
8251;797;552;13;25;15;1
8592;689;452;15;25;15;0
8593;612;602;9;25;15;3
8594;625;452;15;25;15;0
8595;982;602;9;25;15;3
8800;390;577;12;25;15;2
9675;545;452;15;25;15;0
9733;783;27;16;25;15;0
9834;1;602;10;25;15;3
9839;673;577;11;25;15;2
12288;1022;602;1;25;15;0
12289;359;627;7;25;15;0
12290;375;627;7;25;15;0
12293;301;552;14;25;15;0
12300;528;627;6;25;15;9
12301;383;627;7;25;15;0
12302;521;627;6;25;15;9
12303;399;627;7;25;15;0
12353;247;577;12;25;15;2
12354;417;452;15;25;15;0
12355;234;577;12;25;15;2
12356;256;552;14;25;15;1
12357;481;577;11;25;15;2
12358;909;552;13;25;15;1
12359;141;577;13;25;15;1
12360;273;452;15;25;15;0
12361;169;577;12;25;15;2
12362;209;452;15;25;15;1
12363;120;52;16;25;15;0
12364;137;52;16;25;15;0
12365;1009;227;14;25;15;1
12366;113;452;15;25;15;1
12367;577;577;11;25;15;2
12368;127;577;13;25;15;2
12369;361;552;14;25;15;1
12370;97;452;15;25;15;1
12371;99;577;13;25;15;1
12372;81;452;15;25;15;1
12373;85;577;13;25;15;1
12374;929;427;15;25;15;1
12375;71;577;13;25;15;2
12376;57;577;13;25;15;2
12377;833;427;15;25;15;0
12378;375;52;16;25;15;0
12379;817;427;15;25;15;0
12380;409;52;16;25;15;0
12381;785;427;15;25;15;0
12382;443;52;16;25;15;0
12383;1009;352;14;25;15;1
12384;705;427;15;25;15;1
12385;29;577;13;25;15;1
12386;673;427;15;25;15;1
12387;15;577;13;25;15;1
12388;609;427;15;25;15;0
12389;562;52;16;25;15;0
12390;577;427;15;25;15;0
12391;596;52;16;25;15;0
12392;1;577;13;25;15;1
12393;481;427;15;25;15;1
12394;465;427;15;25;15;0
12395;1009;377;14;25;15;1
12396;681;52;16;25;15;0
12397;698;52;16;25;15;0
12398;449;427;15;25;15;0
12399;1009;502;14;25;15;1
12400;433;427;15;25;15;1
12401;369;427;15;25;15;1
12402;321;427;15;25;15;1
12403;81;427;15;25;15;1
12404;49;427;15;25;15;1
12405;834;52;16;25;15;0
12406;851;52;16;25;15;0
12407;868;52;16;25;15;0
12408;885;52;16;25;15;0
12409;902;52;16;25;15;0
12410;919;52;16;25;15;0
12411;752;527;14;25;15;1
12412;961;402;15;25;15;1
12413;945;402;15;25;15;1
12414;965;552;13;25;15;1
12415;1004;52;16;25;15;0
12416;767;527;14;25;15;1
12417;881;402;15;25;15;0
12418;797;527;14;25;15;1
12419;923;552;13;25;15;1
12420;865;402;15;25;15;0
12421;195;577;12;25;15;2
12422;46;552;14;25;15;1
12423;208;577;12;25;15;2
12424;136;552;14;25;15;1
12425;196;552;14;25;15;1
12426;221;577;12;25;15;2
12427;657;402;15;25;15;0
12428;205;77;16;25;15;0
12429;529;402;15;25;15;0
12430;825;552;13;25;15;1
12431;401;402;15;25;15;0
12432;385;402;15;25;15;0
12433;290;77;16;25;15;0
12434;369;402;15;25;15;0
12435;321;402;15;25;15;0
12443;514;627;6;25;15;0
12444;569;627;5;25;15;0
12449;783;552;13;25;15;1
12450;161;402;15;25;15;0
12451;442;577;12;25;15;1
12452;331;552;14;25;15;0
12453;505;577;11;25;15;2
12454;727;552;13;25;15;1
12455;468;577;12;25;15;2
12456;961;377;15;25;15;0
12457;699;552;13;25;15;1
12458;945;377;15;25;15;0
12459;391;552;14;25;15;0
12460;562;77;16;25;15;0
12461;865;377;15;25;15;0
12462;596;77;16;25;15;0
12463;406;552;14;25;15;0
12464;630;77;16;25;15;0
12465;833;377;15;25;15;0
12466;664;77;16;25;15;0
12467;657;552;13;25;15;1
12468;785;377;15;25;15;1
12469;673;377;15;25;15;0
12470;732;77;16;25;15;0
12471;657;377;15;25;15;0
12472;766;77;16;25;15;0
12473;609;377;15;25;15;0
12474;800;77;16;25;15;0
12475;593;377;15;25;15;0
12476;834;77;16;25;15;0
12477;643;552;13;25;15;1
12478;577;377;15;25;15;1
12479;451;552;14;25;15;0
12480;902;77;16;25;15;0
12481;561;377;15;25;15;0
12482;936;77;16;25;15;0
12483;529;577;11;25;15;2
12484;541;552;14;25;15;1
12485;513;377;15;25;15;1
12486;449;377;15;25;15;0
12487;1;102;16;25;15;0
12488;455;577;12;25;15;3
12489;429;577;12;25;15;3
12490;337;377;15;25;15;0
12491;321;377;15;25;15;0
12492;556;552;14;25;15;0
12493;273;377;15;25;15;0
12494;601;552;13;25;15;1
12495;257;377;15;25;15;0
12496;154;102;16;25;15;0
12497;171;102;16;25;15;0
12498;403;577;12;25;15;2
12499;511;552;14;25;15;2
12500;496;552;14;25;15;2
12501;481;552;14;25;15;1
12502;209;377;15;25;15;1
12503;193;377;15;25;15;1
12504;290;102;16;25;15;0
12505;307;102;16;25;15;0
12506;324;102;16;25;15;0
12507;177;377;15;25;15;0
12508;358;102;16;25;15;0
12509;161;377;15;25;15;0
12510;129;377;15;25;15;0
12511;615;552;13;25;15;1
12512;113;377;15;25;15;0
12513;97;377;15;25;15;0
12514;81;377;15;25;15;0
12515;629;552;13;25;15;1
12516;49;377;15;25;15;0
12517;377;577;12;25;15;2
12518;33;377;15;25;15;0
12519;589;577;11;25;15;2
12520;671;552;13;25;15;1
12521;685;552;13;25;15;1
12522;625;577;11;25;15;2
12523;961;352;15;25;15;0
12524;113;577;13;25;15;2
12525;741;552;13;25;15;1
12526;661;577;11;25;15;2
12527;769;552;13;25;15;1
12528;801;352;15;25;15;0
12529;785;352;15;25;15;0
12530;811;552;13;25;15;1
12531;286;552;14;25;15;1
12532;737;352;15;25;15;1
12533;338;577;12;25;15;1
12534;839;552;13;25;15;1
12539;500;627;6;25;15;5
12540;641;352;15;25;15;0
19968;625;352;15;25;15;0
19969;609;352;15;25;15;0
19975;481;352;15;25;15;0
19976;902;102;16;25;15;0
19977;465;352;15;25;15;0
19978;433;352;15;25;15;0
19979;417;352;15;25;15;0
19981;970;102;16;25;15;0
19982;385;352;15;25;15;0
19990;369;352;15;25;15;0
20001;337;352;15;25;15;0
20006;321;352;15;25;15;0
20013;226;552;14;25;15;1
20024;52;127;16;25;15;0
20027;273;352;15;25;15;0
20037;86;127;16;25;15;0
20055;103;127;16;25;15;0
20057;211;552;14;25;15;1
20081;177;352;15;25;15;0
20083;161;352;15;25;15;0
20102;853;552;13;25;15;1
20104;145;352;15;25;15;0
20105;33;352;15;25;15;0
20107;222;127;16;25;15;0
20108;17;352;15;25;15;0
20114;1;352;15;25;15;0
20117;993;327;15;25;15;0
20123;977;327;15;25;15;0
20129;897;327;15;25;15;0
20132;324;127;16;25;15;0
20139;865;327;15;25;15;0
20154;358;127;16;25;15;0
20161;817;327;15;25;15;0
20170;392;127;16;25;15;0
20171;409;127;16;25;15;0
20181;769;327;15;25;15;0
20182;753;327;15;25;15;0
20184;460;127;16;25;15;0
20195;477;127;16;25;15;0
20196;494;127;16;25;15;0
20197;511;127;16;25;15;0
20206;737;327;15;25;15;0
20208;673;327;15;25;15;0
20210;657;327;15;25;15;0
20214;625;327;15;25;15;0
20219;596;127;16;25;15;0
20225;609;327;15;25;15;0
20241;630;127;16;25;15;0
20250;647;127;16;25;15;0
20253;593;327;15;25;15;0
20280;545;327;15;25;15;0
20284;698;127;16;25;15;0
20301;529;327;15;25;15;0
20302;732;127;16;25;15;0
20303;513;327;15;25;15;0
20307;497;327;15;25;15;0
20309;481;327;15;25;15;0
20313;800;127;16;25;15;0
20316;817;127;16;25;15;0
20351;834;127;16;25;15;0
20363;449;327;15;25;15;0
20379;417;327;15;25;15;0
20381;885;127;16;25;15;0
20385;401;327;15;25;15;0
20398;385;327;15;25;15;0
20405;936;127;16;25;15;0
20415;953;127;16;25;15;0
20418;321;327;15;25;15;0
20445;987;127;16;25;15;0
20449;241;327;15;25;15;0
20462;1;152;16;25;15;0
20491;209;327;15;25;15;0
20493;193;327;15;25;15;0
20498;161;327;15;25;15;0
20505;69;152;16;25;15;0
20511;86;152;16;25;15;0
20516;145;327;15;25;15;0
20553;129;327;15;25;15;0
20572;113;327;15;25;15;0
20596;97;327;15;25;15;0
20598;81;327;15;25;15;0
20625;65;327;15;25;15;0
20633;49;327;15;25;15;0
20652;33;327;15;25;15;0
20663;1;327;15;25;15;0
20670;256;152;16;25;15;0
20685;929;302;15;25;15;0
20687;290;152;16;25;15;0
20693;897;302;15;25;15;0
20711;881;302;15;25;15;0
20736;865;302;15;25;15;0
20778;358;152;16;25;15;0
20803;375;152;16;25;15;0
20804;833;302;15;25;15;0
20805;409;152;16;25;15;0
20808;426;152;16;25;15;0
20809;443;152;16;25;15;0
20811;460;152;16;25;15;0
20813;477;152;16;25;15;0
20814;494;152;16;25;15;0
20837;817;302;15;25;15;0
20840;528;152;16;25;15;0
20844;785;302;15;25;15;0
20845;562;152;16;25;15;0
20849;769;302;15;25;15;0
20853;737;302;15;25;15;0
20855;613;152;16;25;15;0
20856;721;302;15;25;15;0
20860;647;152;16;25;15;0
20869;181;552;14;25;15;1
20877;705;302;15;25;15;0
20882;166;552;14;25;15;1
20889;689;302;15;25;15;0
20896;732;152;16;25;15;0
20908;749;152;16;25;15;0
20918;657;302;15;25;15;0
20919;783;152;16;25;15;0
20941;800;152;16;25;15;0
20961;817;152;16;25;15;0
20966;545;302;15;25;15;0
20982;151;552;14;25;15;1
20986;867;552;13;25;15;1
20992;529;302;15;25;15;0
20995;497;302;15;25;15;0
20998;919;152;16;25;15;0
20999;465;302;15;25;15;0
21009;417;302;15;25;15;0
21015;353;302;15;25;15;0
21021;337;302;15;25;15;0
21028;305;302;15;25;15;0
21029;273;302;15;25;15;0
21033;257;302;15;25;15;0
21038;209;302;15;25;15;0
21040;145;302;15;25;15;0
21046;113;302;15;25;15;0
21050;97;302;15;25;15;0
21051;81;302;15;25;15;0
21063;65;302;15;25;15;0
21066;49;302;15;25;15;0
21069;33;302;15;25;15;0
21091;1;302;15;25;15;0
21092;961;277;15;25;15;0
21103;945;277;15;25;15;0
21106;929;277;15;25;15;0
21109;913;277;15;25;15;0
21127;897;277;15;25;15;0
21147;865;277;15;25;15;0
21151;849;277;15;25;15;0
21152;833;277;15;25;15;0
21155;817;277;15;25;15;0
21161;785;277;15;25;15;0
21162;358;177;16;25;15;0
21172;625;277;15;25;15;0
21177;609;277;15;25;15;0
21191;593;277;15;25;15;0
21193;561;277;15;25;15;0
21205;545;277;15;25;15;0
21208;529;277;15;25;15;0
21209;477;177;16;25;15;0
21213;494;177;16;25;15;0
21215;511;177;16;25;15;0
21218;528;177;16;25;15;0
21253;545;177;16;25;15;0
21270;481;277;15;25;15;0
21271;449;277;15;25;15;0
21305;121;552;14;25;15;1
21306;106;552;14;25;15;1
21307;91;552;14;25;15;1
21313;417;277;15;25;15;0
21315;401;277;15;25;15;0
21322;353;277;15;25;15;0
21330;337;277;15;25;15;0
21332;321;277;15;25;15;0
21335;241;277;15;25;15;0
21336;209;277;15;25;15;0
21344;76;552;14;25;15;1
21360;61;552;14;25;15;1
21361;800;177;16;25;15;0
21363;17;277;15;25;15;0
21364;881;252;15;25;15;0
21375;833;252;15;25;15;0
21380;785;252;15;25;15;0
21402;753;252;15;25;15;0
21407;902;177;16;25;15;0
21416;689;252;15;25;15;0
21435;641;252;15;25;15;0
21442;953;177;16;25;15;0
21451;970;177;16;25;15;0
21452;497;252;15;25;15;0
21453;481;252;15;25;15;0
21454;1;202;16;25;15;0
21462;18;202;16;25;15;0
21463;465;252;15;25;15;0
21475;895;552;13;25;15;1
21476;401;252;15;25;15;0
21477;369;252;15;25;15;0
21483;353;252;15;25;15;0
21484;289;252;15;25;15;0
21487;209;252;15;25;15;0
21488;97;252;15;25;15;0
21491;897;227;15;25;15;0
21495;865;227;15;25;15;0
21496;31;552;14;25;15;0
21508;222;202;16;25;15;0
21512;239;202;16;25;15;0
21516;16;552;14;25;15;1
21517;753;227;15;25;15;0
21520;673;227;15;25;15;0
21521;1;552;14;25;15;1
21531;625;227;15;25;15;0
21542;609;227;15;25;15;0
21547;358;202;16;25;15;0
21560;375;202;16;25;15;0
21561;392;202;16;25;15;0
21578;593;227;15;25;15;0
21608;577;227;15;25;15;0
21610;443;202;16;25;15;0
21619;460;202;16;25;15;0
21621;561;227;15;25;15;0
21628;529;227;15;25;15;0
21629;511;202;16;25;15;0
21638;513;227;15;25;15;0
21644;481;227;15;25;15;0
21697;449;227;15;25;15;0
21729;579;202;16;25;15;0
21742;596;202;16;25;15;0
21807;613;202;16;25;15;0
21809;417;227;15;25;15;0
21830;401;227;15;25;15;0
21839;1007;527;14;25;15;1
21914;681;202;16;25;15;0
21916;369;227;15;25;15;0
21927;305;227;15;25;15;0
21942;273;227;15;25;15;0
21978;177;227;15;25;15;0
22120;766;202;16;25;15;0
22132;161;227;15;25;15;0
22234;992;527;14;25;15;1
22235;977;527;14;25;15;1
22238;962;527;14;25;15;1
22243;947;527;14;25;15;1
22256;932;527;14;25;15;1
22258;917;527;14;25;15;1
22259;902;527;14;25;15;1
22266;887;527;14;25;15;1
22269;872;527;14;25;15;1
22290;857;527;14;25;15;1
22303;97;227;15;25;15;0
22311;987;202;15;25;15;0
22312;1003;202;15;25;15;0
22320;1;227;15;25;15;0
22343;17;227;15;25;15;0
22346;33;227;15;25;15;0
22402;49;227;15;25;15;0
22411;65;227;15;25;15;0
22434;81;227;15;25;15;0
22467;970;202;16;25;15;0
22475;113;227;15;25;15;0
22478;936;202;16;25;15;0
22495;834;202;16;25;15;0
22519;783;202;16;25;15;0
22522;749;202;16;25;15;0
22570;193;227;15;25;15;0
22577;209;227;15;25;15;0
22580;225;227;15;25;15;0
22602;241;227;15;25;15;0
22659;257;227;15;25;15;0
22675;732;202;16;25;15;0
22679;289;227;15;25;15;0
22730;715;202;16;25;15;0
22763;321;227;15;25;15;0
22766;337;227;15;25;15;0
22768;353;227;15;25;15;0
22770;698;202;16;25;15;0
22793;385;227;15;25;15;0
22799;647;202;16;25;15;0
22806;630;202;16;25;15;0
22810;433;227;15;25;15;0
22812;562;202;16;25;15;0
22818;465;227;15;25;15;0
22823;545;202;16;25;15;0
22825;497;227;15;25;15;0
22827;528;202;16;25;15;0
22833;494;202;16;25;15;0
22855;545;227;15;25;15;0
22856;477;202;16;25;15;0
22857;426;202;16;25;15;0
22863;409;202;16;25;15;0
22885;341;202;16;25;15;0
22888;324;202;16;25;15;0
22890;307;202;16;25;15;0
22899;657;227;15;25;15;0
22909;290;202;16;25;15;0
22914;689;227;15;25;15;0
22937;705;227;15;25;15;0
22949;721;227;15;25;15;0
22985;737;227;15;25;15;0
22987;273;202;16;25;15;0
23019;769;227;15;25;15;0
23039;785;227;15;25;15;0
23041;256;202;16;25;15;0
23064;817;227;15;25;15;0
23130;833;227;15;25;15;0
23142;849;227;15;25;15;0
23244;188;202;16;25;15;0
23265;881;227;15;25;15;0
23330;171;202;16;25;15;0
23376;913;227;15;25;15;0
23383;929;227;15;25;15;0
23384;945;227;15;25;15;0
23396;961;227;15;25;15;0
23398;977;227;15;25;15;0
23429;993;227;15;25;15;0
23432;1;252;15;25;15;0
23433;17;252;15;25;15;0
23436;33;252;15;25;15;0
23448;49;252;15;25;15;0
23450;65;252;15;25;15;0
23453;81;252;15;25;15;0
23455;154;202;16;25;15;0
23458;113;252;15;25;15;0
23459;129;252;15;25;15;0
23460;145;252;15;25;15;0
23470;161;252;15;25;15;0
23475;177;252;15;25;15;0
23478;193;252;15;25;15;0
23481;137;202;16;25;15;0
23487;225;252;15;25;15;0
23492;241;252;15;25;15;0
23494;257;252;15;25;15;0
23500;273;252;15;25;15;0
23506;120;202;16;25;15;0
23515;305;252;15;25;15;0
23517;321;252;15;25;15;0
23534;337;252;15;25;15;0
23550;103;202;16;25;15;0
23553;86;202;16;25;15;0
23554;385;252;15;25;15;0
23556;69;202;16;25;15;0
23562;417;252;15;25;15;0
23566;433;252;15;25;15;0
23567;449;252;15;25;15;0
23569;35;202;16;25;15;0
23601;1004;177;16;25;15;0
23613;987;177;16;25;15;0
23616;513;252;15;25;15;0
23621;529;252;15;25;15;0
23624;545;252;15;25;15;0
23626;561;252;15;25;15;0
23627;577;252;15;25;15;0
23637;593;252;15;25;15;0
23646;609;252;15;25;15;0
23652;625;252;15;25;15;0
23653;936;177;16;25;15;0
23665;842;527;14;25;15;1
23721;673;252;15;25;15;0
23769;919;177;16;25;15;0
23798;705;252;15;25;15;0
23815;721;252;15;25;15;0
23849;737;252;15;25;15;0
23888;885;177;16;25;15;0
24029;769;252;15;25;15;0
24035;868;177;16;25;15;0
24037;801;252;15;25;15;0
24038;817;252;15;25;15;0
24040;827;527;14;25;15;1
24046;849;252;15;25;15;0
24049;812;527;14;25;15;1
24059;834;177;16;25;15;0
24066;897;252;15;25;15;0
24067;913;252;15;25;15;0
24076;929;252;15;25;15;0
24093;945;252;15;25;15;0
24107;961;252;15;25;15;0
24109;977;252;15;25;15;0
24111;993;252;15;25;15;0
24112;1;277;15;25;15;0
24115;817;177;16;25;15;0
24120;33;277;15;25;15;0
24125;49;277;15;25;15;0
24133;65;277;15;25;15;0
24149;1;2;16;25;15;0
24178;97;277;15;25;15;0
24179;113;277;15;25;15;0
24180;129;277;15;25;15;0
24184;145;277;15;25;15;0
24188;161;277;15;25;15;0
24190;766;177;16;25;15;0
24195;193;277;15;25;15;0
24202;749;177;16;25;15;0
24207;225;277;15;25;15;0
24213;732;177;16;25;15;0
24215;257;277;15;25;15;0
24230;273;277;15;25;15;0
24231;289;277;15;25;15;0
24235;305;277;15;25;15;0
24237;715;177;16;25;15;0
24259;698;177;16;25;15;0
24310;681;177;16;25;15;0
24311;369;277;15;25;15;0
24314;385;277;15;25;15;0
24330;664;177;16;25;15;0
24335;647;177;16;25;15;0
24341;937;552;13;25;15;1
24358;579;177;16;25;15;0
24369;465;277;15;25;15;0
24373;562;177;16;25;15;0
24375;497;277;15;25;15;0
24382;513;277;15;25;15;0
24403;782;527;14;25;15;1
24418;443;177;16;25;15;0
24425;426;177;16;25;15;0
24427;577;277;15;25;15;0
24432;409;177;16;25;15;0
24433;392;177;16;25;15;0
24441;375;177;16;25;15;0
24444;641;277;15;25;15;0
24449;657;277;15;25;15;0
24453;673;277;15;25;15;0
24459;689;277;15;25;15;0
24460;705;277;15;25;15;0
24467;721;277;15;25;15;0
24471;737;277;15;25;15;0
24481;753;277;15;25;15;0
24489;769;277;15;25;15;0
24499;341;177;16;25;15;0
24515;801;277;15;25;15;0
24517;324;177;16;25;15;0
24525;307;177;16;25;15;0
24535;290;177;16;25;15;0
24536;273;177;16;25;15;0
24537;881;277;15;25;15;0
24540;256;177;16;25;15;0
24544;239;177;16;25;15;0
24555;222;177;16;25;15;0
24565;205;177;16;25;15;0
24594;188;177;16;25;15;0
24598;977;277;15;25;15;0
24605;993;277;15;25;15;0
24613;171;177;16;25;15;0
24615;17;302;15;25;15;0
24618;154;177;16;25;15;0
24651;137;177;16;25;15;0
24653;120;177;16;25;15;0
24656;103;177;16;25;15;0
24677;86;177;16;25;15;0
24681;69;177;16;25;15;0
24687;129;302;15;25;15;0
24693;52;177;16;25;15;0
24724;161;302;15;25;15;0
24735;177;302;15;25;15;0
24745;193;302;15;25;15;0
24746;35;177;16;25;15;0
24754;225;302;15;25;15;0
24773;241;302;15;25;15;0
24785;18;177;16;25;15;0
24794;1;177;16;25;15;0
24796;289;302;15;25;15;0
24808;1004;152;16;25;15;0
24819;321;302;15;25;15;0
24841;987;152;16;25;15;0
24847;970;152;16;25;15;0
24858;369;302;15;25;15;0
24859;385;302;15;25;15;0
24863;401;302;15;25;15;0
24904;953;152;16;25;15;0
24907;433;302;15;25;15;0
24931;449;302;15;25;15;0
24942;936;152;16;25;15;0
25014;481;302;15;25;15;0
25040;902;152;16;25;15;0
25074;513;302;15;25;15;0
25104;885;152;16;25;15;0
25105;834;152;16;25;15;0
25126;561;302;15;25;15;0
25151;577;302;15;25;15;0
25152;593;302;15;25;15;0
25161;609;302;15;25;15;0
25163;625;302;15;25;15;0
25165;641;302;15;25;15;0
25171;766;152;16;25;15;0
25173;673;302;15;25;15;0
25201;715;152;16;25;15;0
25215;681;152;16;25;15;0
25216;630;152;16;25;15;0
25226;596;152;16;25;15;0
25233;753;302;15;25;15;0
25237;579;152;16;25;15;0
25239;545;152;16;25;15;0
25240;801;302;15;25;15;0
25244;511;152;16;25;15;0
25246;392;152;16;25;15;0
25259;849;302;15;25;15;0
25265;341;152;16;25;15;0
25269;324;152;16;25;15;0
25273;307;152;16;25;15;0
25276;913;302;15;25;15;0
25285;273;152;16;25;15;0
25293;945;302;15;25;15;0
25296;961;302;15;25;15;0
25298;977;302;15;25;15;0
25307;993;302;15;25;15;0
25309;239;152;16;25;15;0
25312;17;327;15;25;15;0
25313;222;152;16;25;15;0
25335;205;152;16;25;15;0
25342;188;152;16;25;15;0
25345;171;152;16;25;15;0
25351;154;152;16;25;15;0
25361;137;152;16;25;15;0
25369;120;152;16;25;15;0
25387;103;152;16;25;15;0
25391;52;152;16;25;15;0
25429;177;327;15;25;15;0
25436;35;152;16;25;15;0
25448;18;152;16;25;15;0
25475;225;327;15;25;15;0
25480;1004;127;16;25;15;0
25490;257;327;15;25;15;0
25496;273;327;15;25;15;0
25505;289;327;15;25;15;0
25506;305;327;15;25;15;0
25509;970;127;16;25;15;0
25512;337;327;15;25;15;0
25522;353;327;15;25;15;0
25551;369;327;15;25;15;0
25552;919;127;16;25;15;0
25563;902;127;16;25;15;0
25569;868;127;16;25;15;0
25582;433;327;15;25;15;0
25588;851;127;16;25;15;0
25594;465;327;15;25;15;0
25613;783;127;16;25;15;0
25666;766;127;16;25;15;0
25705;749;127;16;25;15;0
25731;715;127;16;25;15;0
25774;681;127;16;25;15;0
25793;561;327;15;25;15;0
25805;577;327;15;25;15;0
25903;664;127;16;25;15;0
25913;613;127;16;25;15;0
25915;579;127;16;25;15;0
25918;641;327;15;25;15;0
25919;562;127;16;25;15;0
25925;545;127;16;25;15;0
25935;689;327;15;25;15;0
25937;705;327;15;25;15;0
25943;721;327;15;25;15;0
25945;528;127;16;25;15;0
25954;443;127;16;25;15;0
25955;426;127;16;25;15;0
25964;785;327;15;25;15;0
25968;801;327;15;25;15;0
25972;375;127;16;25;15;0
25973;833;327;15;25;15;0
25975;849;327;15;25;15;0
25991;341;127;16;25;15;0
26007;881;327;15;25;15;0
26009;307;127;16;25;15;0
26023;913;327;15;25;15;0
26029;929;327;15;25;15;0
26032;945;327;15;25;15;0
26041;961;327;15;25;15;0
26053;290;127;16;25;15;0
26059;721;527;15;25;15;0
26063;256;127;16;25;15;0
26082;239;127;16;25;15;0
26085;979;552;13;25;15;1
26089;49;352;15;25;15;0
26118;65;352;15;25;15;0
26119;81;352;15;25;15;0
26126;97;352;15;25;15;0
26132;113;352;15;25;15;0
26143;129;352;15;25;15;0
26144;188;127;16;25;15;0
26149;154;127;16;25;15;0
26151;137;127;16;25;15;0
26152;193;352;15;25;15;0
26172;209;352;15;25;15;0
26178;225;352;15;25;15;0
26217;120;127;16;25;15;0
26222;257;352;15;25;15;0
26223;69;127;16;25;15;0
26228;289;352;15;25;15;0
26230;737;527;14;25;15;1
26247;18;127;16;25;15;0
26262;1;127;16;25;15;0
26263;353;352;15;25;15;0
26286;1004;102;16;25;15;0
26292;987;102;16;25;15;0
26332;401;352;15;25;15;0
26354;993;552;13;25;15;1
26356;936;102;16;25;15;0
26360;449;352;15;25;15;0
26367;919;102;16;25;15;0
26368;885;102;16;25;15;0
26376;1009;477;14;25;15;0
26377;513;352;15;25;15;0
26381;529;352;15;25;15;0
26391;545;352;15;25;15;0
26395;561;352;15;25;15;0
26397;577;352;15;25;15;0
26399;593;352;15;25;15;0
26408;868;102;16;25;15;0
26410;851;102;16;25;15;0
26411;834;102;16;25;15;0
26412;817;102;16;25;15;0
26413;673;352;15;25;15;0
26441;689;352;15;25;15;0
26448;705;352;15;25;15;0
26463;800;102;16;25;15;0
26465;766;102;16;25;15;0
26469;749;102;16;25;15;0
26479;732;102;16;25;15;0
26481;715;102;16;25;15;0
26495;698;102;16;25;15;0
26512;817;352;15;25;15;0
26517;833;352;15;25;15;0
26522;849;352;15;25;15;0
26524;681;102;16;25;15;0
26525;647;102;16;25;15;0
26528;897;352;15;25;15;0
26543;913;352;15;25;15;0
26564;929;352;15;25;15;0
26576;630;102;16;25;15;0
26579;613;102;16;25;15;0
26609;977;352;15;25;15;0
26628;596;102;16;25;15;0
26657;1;377;15;25;15;0
26666;545;102;16;25;15;0
26680;528;102;16;25;15;0
26681;494;102;16;25;15;0
26684;477;102;16;25;15;0
26696;460;102;16;25;15;0
26800;443;102;16;25;15;0
26820;426;102;16;25;15;0
26834;392;102;16;25;15;0
26842;145;377;15;25;15;0
26862;375;102;16;25;15;0
26866;341;102;16;25;15;0
26908;273;102;16;25;15;0
26989;256;102;16;25;15;0
26997;239;102;16;25;15;0
27005;222;102;16;25;15;0
27083;137;102;16;25;15;0
27096;103;102;16;25;15;0
27161;86;102;16;25;15;0
27177;305;377;15;25;15;0
27178;69;102;16;25;15;0
27211;52;102;16;25;15;0
27231;35;102;16;25;15;0
27396;369;377;15;25;15;0
27424;385;377;15;25;15;0
27425;18;102;16;25;15;0
27442;417;377;15;25;15;0
27468;433;377;15;25;15;0
27475;1004;77;16;25;15;0
27490;465;377;15;25;15;0
27491;481;377;15;25;15;0
27492;497;377;15;25;15;0
27494;987;77;16;25;15;0
27497;970;77;16;25;15;0
27503;545;377;15;25;15;0
27507;919;77;16;25;15;0
27508;868;77;16;25;15;0
27515;817;77;16;25;15;0
27530;783;77;16;25;15;0
27531;625;377;15;25;15;0
27572;641;377;15;25;15;0
27573;749;77;16;25;15;0
27578;715;77;16;25;15;0
27583;689;377;15;25;15;0
27597;705;377;15;25;15;0
27598;721;377;15;25;15;0
27602;737;377;15;25;15;0
27604;753;377;15;25;15;0
27611;769;377;15;25;15;0
27663;698;77;16;25;15;0
27665;681;77;16;25;15;0
27671;817;377;15;25;15;0
27700;647;77;16;25;15;0
27703;613;77;16;25;15;0
27704;579;77;16;25;15;0
27713;881;377;15;25;15;0
27714;545;77;16;25;15;0
27735;913;377;15;25;15;0
27738;929;377;15;25;15;0
27744;528;77;16;25;15;0
27770;494;77;16;25;15;0
27784;977;377;15;25;15;0
27788;993;377;15;25;15;0
27809;477;77;16;25;15;0
27835;17;402;15;25;15;0
27841;33;402;15;25;15;0
27849;49;402;15;25;15;0
27850;65;402;15;25;15;0
27861;443;77;16;25;15;0
27873;97;402;15;25;15;0
27874;113;402;15;25;15;0
27875;129;402;15;25;15;0
27880;145;402;15;25;15;0
27888;392;77;16;25;15;0
27891;177;402;15;25;15;0
27915;193;402;15;25;15;0
27927;375;77;16;25;15;0
27934;225;402;15;25;15;0
27963;241;402;15;25;15;0
27966;341;77;16;25;15;0
27969;273;402;15;25;15;0
27972;289;402;15;25;15;0
28014;305;402;15;25;15;0
28020;324;77;16;25;15;0
28023;337;402;15;25;15;0
28040;353;402;15;25;15;0
28057;307;77;16;25;15;0
28082;273;77;16;25;15;0
28129;256;77;16;25;15;0
28145;417;402;15;25;15;0
28149;433;402;15;25;15;0
28151;449;402;15;25;15;0
28155;465;402;15;25;15;0
28165;481;402;15;25;15;0
28168;497;402;15;25;15;0
28171;513;402;15;25;15;0
28187;222;77;16;25;15;0
28193;545;402;15;25;15;0
28201;561;402;15;25;15;0
28204;577;402;15;25;15;0
28246;593;402;15;25;15;0
28271;609;402;15;25;15;0
28287;625;402;15;25;15;0
28288;641;402;15;25;15;0
28304;188;77;16;25;15;0
28310;673;402;15;25;15;0
28342;154;77;16;25;15;0
28357;705;402;15;25;15;0
28382;721;402;15;25;15;0
28436;737;402;15;25;15;0
28450;753;402;15;25;15;0
28500;137;77;16;25;15;0
28608;103;77;16;25;15;0
28655;801;402;15;25;15;0
28734;817;402;15;25;15;0
28779;833;402;15;25;15;0
28783;849;402;15;25;15;0
28797;69;77;16;25;15;0
28814;18;77;16;25;15;0
28857;897;402;15;25;15;0
28858;913;402;15;25;15;0
28937;929;402;15;25;15;0
28961;970;52;16;25;15;0
28966;953;52;16;25;15;0
28982;977;402;15;25;15;0
28988;993;402;15;25;15;0
29017;1;427;15;25;15;0
29031;17;427;15;25;15;0
29087;33;427;15;25;15;0
29105;817;52;16;25;15;0
29123;65;427;15;25;15;0
29190;800;52;16;25;15;0
29211;97;427;15;25;15;0
29238;113;427;15;25;15;0
29255;129;427;15;25;15;0
29256;145;427;15;25;15;0
29275;161;427;15;25;15;0
29282;177;427;15;25;15;0
29289;193;427;15;25;15;0
29305;209;427;15;25;15;0
29359;225;427;15;25;15;0
29366;241;427;15;25;15;0
29401;257;427;15;25;15;0
29420;273;427;15;25;15;0
29483;289;427;15;25;15;0
29486;305;427;15;25;15;0
29508;783;52;16;25;15;0
29539;337;427;15;25;15;0
29554;353;427;15;25;15;0
29572;766;52;16;25;15;0
29575;385;427;15;25;15;0
29577;401;427;15;25;15;0
29579;417;427;15;25;15;0
29694;749;52;16;25;15;0
29699;715;52;16;25;15;0
29702;647;52;16;25;15;0
29872;630;52;16;25;15;0
29976;497;427;15;25;15;0
29983;513;427;15;25;15;0
29987;529;427;15;25;15;0
29992;545;427;15;25;15;0
30001;1009;452;14;25;15;1
30003;1009;427;14;25;15;1
30007;593;427;15;25;15;0
30010;1009;402;14;25;15;1
30011;625;427;15;25;15;0
30028;641;427;15;25;15;0
30053;528;52;16;25;15;0
30058;511;52;16;25;15;0
30064;689;427;15;25;15;0
30097;477;52;16;25;15;0
30130;721;427;15;25;15;0
30149;737;427;15;25;15;0
30151;753;427;15;25;15;0
30171;769;427;15;25;15;0
30274;426;52;16;25;15;0
30330;801;427;15;25;15;0
30331;392;52;16;25;15;0
30333;1007;552;13;25;15;1
30334;849;427;15;25;15;0
30340;865;427;15;25;15;0
30342;881;427;15;25;15;0
30382;897;427;15;25;15;0
30399;913;427;15;25;15;0
30423;307;52;16;25;15;0
30427;945;427;15;25;15;0
30435;961;427;15;25;15;0
30436;977;427;15;25;15;0
30446;43;577;13;25;15;1
30452;1;452;15;25;15;0
30456;17;452;15;25;15;0
30465;33;452;15;25;15;0
30475;49;452;15;25;15;0
30495;65;452;15;25;15;0
30496;273;52;16;25;15;0
30519;239;52;16;25;15;0
30522;171;52;16;25;15;0
30528;129;452;15;25;15;0
30636;145;452;15;25;15;0
30643;161;452;15;25;15;0
30690;154;52;16;25;15;0
30693;193;452;15;25;15;0
30701;103;52;16;25;15;0
30707;225;452;15;25;15;0
30722;86;52;16;25;15;0
30741;257;452;15;25;15;0
30770;69;52;16;25;15;0
30772;52;52;16;25;15;0
30906;305;452;15;25;15;0
30952;35;52;16;25;15;0
30990;18;52;16;25;15;0
31034;1004;27;16;25;15;0
31036;369;452;15;25;15;0
31038;385;452;15;25;15;0
31048;401;452;15;25;15;0
31069;987;27;16;25;15;0
31070;433;452;15;25;15;0
31085;902;27;16;25;15;0
31105;885;27;16;25;15;0
31168;868;27;16;25;15;0
31169;834;27;16;25;15;0
31185;817;27;16;25;15;0
31186;529;452;15;25;15;0
31192;766;27;16;25;15;0
31209;732;27;16;25;15;0
31216;577;452;15;25;15;0
31227;593;452;15;25;15;0
31243;609;452;15;25;15;0
31246;715;27;16;25;15;0
31278;641;452;15;25;15;0
31292;698;27;16;25;15;0
31295;673;452;15;25;15;0
31309;681;27;16;25;15;0
31311;664;27;16;25;15;0
31348;721;452;15;25;15;0
31350;630;27;16;25;15;0
31354;753;452;15;25;15;0
31361;769;452;15;25;15;0
31379;785;452;15;25;15;0
31391;801;452;15;25;15;0
31435;817;452;15;25;15;0
31452;613;27;16;25;15;0
31461;849;452;15;25;15;0
31471;865;452;15;25;15;0
31478;881;452;15;25;15;0
31505;579;27;16;25;15;0
31526;913;452;15;25;15;0
31532;929;452;15;25;15;0
31561;945;452;15;25;15;0
31563;961;452;15;25;15;0
31568;977;452;15;25;15;0
31572;993;452;15;25;15;0
31639;1;477;15;25;15;0
31649;17;477;15;25;15;0
31665;33;477;15;25;15;0
31680;49;477;15;25;15;0
31684;545;27;16;25;15;0
31689;81;477;15;25;15;0
31777;97;477;15;25;15;0
31881;113;477;15;25;15;0
31934;129;477;15;25;15;0
31958;145;477;15;25;15;0
31992;161;477;15;25;15;0
31995;177;477;15;25;15;0
32004;193;477;15;25;15;0
32013;209;477;15;25;15;0
32020;225;477;15;25;15;0
32025;477;27;16;25;15;0
32026;460;27;16;25;15;0
32027;273;477;15;25;15;0
32032;289;477;15;25;15;0
32034;305;477;15;25;15;0
32048;321;477;15;25;15;0
32051;337;477;15;25;15;0
32057;353;477;15;25;15;0
32066;426;27;16;25;15;0
32068;385;477;15;25;15;0
32076;401;477;15;25;15;0
32080;417;477;15;25;15;0
32097;409;27;16;25;15;0
32098;449;477;15;25;15;0
32102;392;27;16;25;15;0
32113;481;477;15;25;15;0
32117;497;477;15;25;15;0
32118;513;477;15;25;15;0
32153;358;27;16;25;15;0
32154;545;477;15;25;15;0
32173;561;477;15;25;15;0
32191;577;477;15;25;15;0
32202;593;477;15;25;15;0
32209;307;27;16;25;15;0
32218;273;27;16;25;15;0
32232;641;477;15;25;15;0
32244;256;27;16;25;15;0
32257;222;27;16;25;15;0
32260;188;27;16;25;15;0
32283;705;477;15;25;15;0
32294;171;27;16;25;15;0
32302;154;27;16;25;15;0
32318;137;27;16;25;15;0
32321;120;27;16;25;15;0
32566;785;477;15;25;15;0
32618;801;477;15;25;15;0
32622;817;477;15;25;15;0
32624;833;477;15;25;15;0
32654;103;27;16;25;15;0
32676;865;477;15;25;15;0
32680;86;27;16;25;15;0
32681;69;27;16;25;15;0
32701;913;477;15;25;15;0
32722;929;477;15;25;15;0
32763;945;477;15;25;15;0
32764;961;477;15;25;15;0
32769;977;477;15;25;15;0
32771;993;477;15;25;15;0
32773;1;502;15;25;15;0
32784;17;502;15;25;15;0
32819;33;502;15;25;15;0
32854;49;502;15;25;15;0
32862;1009;327;14;25;15;1
32884;81;502;15;25;15;0
32887;35;27;16;25;15;0
32905;1009;302;14;25;15;1
32925;129;502;15;25;15;0
32930;145;502;15;25;15;0
32937;161;502;15;25;15;0
32946;18;27;16;25;15;0
32963;1009;277;14;25;15;1
32966;209;502;15;25;15;0
32972;225;502;15;25;15;0
32990;241;502;15;25;15;0
33012;257;502;15;25;15;0
33016;273;502;15;25;15;0
33021;289;502;15;25;15;0
33050;305;502;15;25;15;0
33073;321;502;15;25;15;0
33075;337;502;15;25;15;0
33104;353;502;15;25;15;0
33109;369;502;15;25;15;0
33136;385;502;15;25;15;0
33144;401;502;15;25;15;0
33145;417;502;15;25;15;0
33192;433;502;15;25;15;0
33222;449;502;15;25;15;0
33251;1009;252;14;25;15;1
33258;155;577;13;25;15;1
33261;970;2;16;25;15;0
33267;513;502;15;25;15;0
33268;529;502;15;25;15;0
33288;953;2;16;25;15;0
33292;561;502;15;25;15;0
33310;577;502;15;25;15;0
33337;936;2;16;25;15;0
33391;609;502;15;25;15;0
33394;919;2;16;25;15;0
33455;902;2;16;25;15;0
33457;885;2;16;25;15;0
33464;673;502;15;25;15;0
33509;689;502;15;25;15;0
33510;705;502;15;25;15;0
33521;868;2;16;25;15;0
33590;834;2;16;25;15;0
33609;749;2;16;25;15;0
33618;769;502;15;25;15;0
33624;785;502;15;25;15;0
33655;801;502;15;25;15;0
33747;715;2;16;25;15;0
33775;833;502;15;25;15;0
33853;630;2;16;25;15;0
33865;596;2;16;25;15;0
33900;881;502;15;25;15;0
33988;897;502;15;25;15;0
34101;579;2;16;25;15;0
34220;545;2;16;25;15;0
34384;945;502;15;25;15;0
34394;961;502;15;25;15;0
34411;528;2;16;25;15;0
34509;993;502;15;25;15;0
34542;477;2;16;25;15;0
34678;460;2;16;25;15;0
34701;33;527;15;25;15;0
34880;49;527;15;25;15;0
34892;65;527;15;25;15;0
34899;81;527;15;25;15;0
34903;97;527;15;25;15;0
34909;113;527;15;25;15;0
34913;129;527;15;25;15;0
34920;392;2;16;25;15;0
34955;375;2;16;25;15;0
34987;358;2;16;25;15;0
35009;324;2;16;25;15;0
35010;273;2;16;25;15;0
35013;225;527;15;25;15;0
35023;256;2;16;25;15;0
35029;239;2;16;25;15;0
35036;273;527;15;25;15;0
35069;289;527;15;25;15;0
35079;222;2;16;25;15;0
35090;154;2;16;25;15;0
35186;137;2;16;25;15;0
35199;353;527;15;25;15;0
35201;369;527;15;25;15;0
35206;103;2;16;25;15;0
35207;401;527;15;25;15;0
35211;417;527;15;25;15;0
35215;433;527;15;25;15;0
35222;69;2;16;25;15;0
35226;465;527;15;25;15;0
35239;481;527;15;25;15;0
35242;497;527;15;25;15;0
35251;52;2;16;25;15;0
35282;529;527;15;25;15;0
35299;545;527;15;25;15;0
35302;561;527;15;25;15;0
35328;577;527;15;25;15;0
35336;593;527;15;25;15;0
35342;609;527;15;25;15;0
35347;625;527;15;25;15;0
35352;18;2;16;25;15;0
35370;657;527;15;25;15;0
35373;673;527;15;25;15;0
35377;689;527;15;25;15;0
35379;705;527;15;25;15;0
35382;783;177;16;25;15;0
35388;481;502;15;25;15;0
35413;465;502;15;25;15;0
35430;987;2;16;25;15;0
35433;113;502;15;25;15;0
35440;65;502;15;25;15;0
35441;993;427;15;25;15;0
35463;358;52;16;25;15;0
35465;545;52;16;25;15;0
35469;579;52;16;25;15;0
35475;561;427;15;25;15;0
35477;497;352;15;25;15;0
35480;953;102;16;25;15;0
35486;35;127;16;25;15;0
35488;205;127;16;25;15;0
35492;273;127;16;25;15;0
35500;460;177;16;25;15;0
35501;630;177;16;25;15;0
35504;865;252;15;25;15;0
35506;851;177;16;25;15;0
35519;657;252;15;25;15;0
35527;953;202;16;25;15;0
35531;129;227;15;25;15;0
35576;919;202;16;25;15;0
35582;902;202;16;25;15;0
35611;885;202;16;25;15;0
35613;868;202;16;25;15;0
35617;851;202;16;25;15;0
35635;145;227;15;25;15;0
35672;817;202;16;25;15;0
35686;800;202;16;25;15;0
35696;664;202;16;25;15;0
35703;641;227;15;25;15;0
35914;801;227;15;25;15;0
35937;205;202;16;25;15;0
35946;52;202;16;25;15;0
35997;81;277;15;25;15;0
36000;177;277;15;25;15;0
36001;433;277;15;25;15;0
36002;613;177;16;25;15;0
36008;596;177;16;25;15;0
36009;868;152;16;25;15;0
36011;851;152;16;25;15;0
36012;698;152;16;25;15;0
36015;664;152;16;25;15;0
36020;171;127;16;25;15;0
36023;241;352;15;25;15;0
36024;305;352;15;25;15;0
36027;657;352;15;25;15;0
36039;721;352;15;25;15;0
36042;783;102;16;25;15;0
36059;753;352;15;25;15;0
36060;769;352;15;25;15;0
36062;865;352;15;25;15;0
36066;664;102;16;25;15;0
36074;881;352;15;25;15;0
36092;945;352;15;25;15;0
36104;993;352;15;25;15;0
36196;579;102;16;25;15;0
36208;562;102;16;25;15;0
36215;17;377;15;25;15;0
36229;511;102;16;25;15;0
36234;65;377;15;25;15;0
36259;409;102;16;25;15;0
36275;225;377;15;25;15;0
36321;241;377;15;25;15;0
36335;205;102;16;25;15;0
36367;188;102;16;25;15;0
36468;120;102;16;25;15;0
36523;289;377;15;25;15;0
36554;353;377;15;25;15;0
36557;401;377;15;25;15;0
36562;529;377;15;25;15;0
36578;953;77;16;25;15;0
36605;885;77;16;25;15;0
36637;851;77;16;25;15;0
36649;801;377;15;25;15;0
36650;849;377;15;25;15;0
36763;897;377;15;25;15;0
36785;511;77;16;25;15;0
36794;1;402;15;25;15;0
36795;460;77;16;25;15;0
36796;81;402;15;25;15;0
36805;426;77;16;25;15;0
36814;409;77;16;25;15;0
36817;209;402;15;25;15;0
36820;358;77;16;25;15;0
36843;257;402;15;25;15;0
36855;239;77;16;25;15;0
36861;171;77;16;25;15;0
36864;689;402;15;25;15;0
36865;769;402;15;25;15;0
36867;120;77;16;25;15;0
36870;785;402;15;25;15;0
36884;86;77;16;25;15;0
36890;52;77;16;25;15;0
36895;35;77;16;25;15;0
36896;1;77;16;25;15;0
36899;987;52;16;25;15;0
36914;936;52;16;25;15;0
36930;732;52;16;25;15;0
36933;664;52;16;25;15;0
36935;613;52;16;25;15;0
36938;657;427;15;25;15;0
36939;494;52;16;25;15;0
36942;460;52;16;25;15;0
36947;341;52;16;25;15;0
36948;324;52;16;25;15;0
36949;290;52;16;25;15;0
36960;256;52;16;25;15;0
36969;222;52;16;25;15;0
36973;205;52;16;25;15;0
36984;188;52;16;25;15;0
36991;177;452;15;25;15;0
37034;241;452;15;25;15;0
37048;289;452;15;25;15;0
37070;321;452;15;25;15;0
37096;337;452;15;25;15;0
37117;1;52;16;25;15;0
37197;353;452;15;25;15;0
37237;970;27;16;25;15;0
37239;953;27;16;25;15;0
37240;936;27;16;25;15;0
37266;919;27;16;25;15;0
37325;449;452;15;25;15;0
37326;465;452;15;25;15;0
37327;481;452;15;25;15;0
37329;851;27;16;25;15;0
37341;497;452;15;25;15;0
37347;513;452;15;25;15;0
37504;800;27;16;25;15;0
37507;749;27;16;25;15;0
37624;561;452;15;25;15;0
37682;657;452;15;25;15;0
37723;705;452;15;25;15;0
37782;647;27;16;25;15;0
37799;737;452;15;25;15;0
37857;833;452;15;25;15;0
37969;897;452;15;25;15;0
38263;562;27;16;25;15;0
38272;346;552;14;25;15;1
38281;376;552;14;25;15;1
38283;466;552;14;25;15;1
38289;586;552;14;25;15;1
38291;571;552;14;25;15;1
38306;526;552;14;25;15;1
38343;436;552;14;25;15;1
38360;421;552;14;25;15;1
38450;65;477;15;25;15;0
38459;528;27;16;25;15;0
38477;511;27;16;25;15;0
38480;494;27;16;25;15;0
38491;241;477;15;25;15;0
38499;257;477;15;25;15;0
38500;443;27;16;25;15;0
38512;369;477;15;25;15;0
38522;433;477;15;25;15;0
38525;465;477;15;25;15;0
38538;375;27;16;25;15;0
38542;529;477;15;25;15;0
38543;341;27;16;25;15;0
38555;324;27;16;25;15;0
38556;609;477;15;25;15;0
38560;290;27;16;25;15;0
38596;625;477;15;25;15;0
38597;657;477;15;25;15;0
38598;239;27;16;25;15;0
38599;673;477;15;25;15;0
38604;205;27;16;25;15;0
38609;689;477;15;25;15;0
38626;721;477;15;25;15;0
38627;737;477;15;25;15;0
38632;753;477;15;25;15;0
38634;769;477;15;25;15;0
38640;849;477;15;25;15;0
38642;881;477;15;25;15;0
38647;897;477;15;25;15;0
38651;52;27;16;25;15;0
38656;97;502;15;25;15;0
38684;177;502;15;25;15;0
38695;1;27;16;25;15;0
38706;1004;2;16;25;15;0
38738;193;502;15;25;15;0
38745;497;502;15;25;15;0
38750;545;502;15;25;15;0
38754;593;502;15;25;15;0
38761;625;502;15;25;15;0
38899;641;502;15;25;15;0
38911;657;502;15;25;15;0
38915;721;502;15;25;15;1
38917;851;2;16;25;15;0
38918;737;502;15;25;15;0
38920;817;2;16;25;15;0
38928;800;2;16;25;15;0
38936;783;2;16;25;15;0
38957;766;2;16;25;15;0
38972;753;502;15;25;15;0
38988;732;2;16;25;15;0
38989;817;502;15;25;15;0
38996;698;2;16;25;15;0
39000;681;2;16;25;15;0
39080;664;2;16;25;15;0
39131;647;2;16;25;15;0
39135;849;502;15;25;15;0
39154;613;2;16;25;15;0
39164;865;502;15;25;15;0
39166;913;502;15;25;15;0
39178;562;2;16;25;15;0
39208;929;502;15;25;15;0
39318;977;502;15;25;15;0
39321;511;2;16;25;15;0
39361;494;2;16;25;15;0
39366;1;527;15;25;15;0
39378;17;527;15;25;15;0
39438;443;2;16;25;15;0
39442;426;2;16;25;15;0
39443;409;2;16;25;15;0
39514;145;527;15;25;15;0
39592;161;527;15;25;15;0
39640;177;527;15;25;15;0
39658;341;2;16;25;15;0
39740;193;527;15;25;15;0
39749;307;2;16;25;15;0
39764;290;2;16;25;15;0
39854;209;527;15;25;15;0
40165;241;527;15;25;15;0
40180;257;527;15;25;15;0
40599;305;527;15;25;15;0
40614;205;2;16;25;15;0
40644;188;2;16;25;15;0
40658;171;2;16;25;15;0
40665;321;527;15;25;15;0
40723;337;527;15;25;15;0
40736;120;2;16;25;15;0
40763;385;527;15;25;15;0
40802;86;2;16;25;15;0
65281;563;627;5;25;15;5
65285;881;552;13;25;15;1
65286;182;577;12;25;15;2
65288;391;627;7;25;15;9
65289;486;627;6;25;15;0
65290;493;577;11;25;15;2
65291;260;577;12;25;15;2
65293;273;577;12;25;15;2
65294;575;627;5;25;15;0
65295;449;527;15;25;15;0
65296;517;577;11;25;15;2
65297;472;627;6;25;15;4
65298;320;602;10;25;15;3
65299;309;602;10;25;15;3
65300;265;602;10;25;15;2
65301;232;602;10;25;15;3
65302;541;577;11;25;15;2
65303;210;602;10;25;15;3
65304;199;602;10;25;15;3
65305;188;602;10;25;15;3
65306;596;627;4;25;15;6
65309;286;577;12;25;15;2
65311;782;602;9;25;15;4
65313;299;577;12;25;15;2
65314;802;602;9;25;15;4
65315;312;577;12;25;15;1
65316;325;577;12;25;15;2
65317;832;602;9;25;15;3
65318;37;627;8;25;15;4
65319;951;552;13;25;15;1
65320;553;577;11;25;15;2
65321;606;627;4;25;15;6
65322;351;627;7;25;15;3
65323;565;577;11;25;15;3
65324;28;627;8;25;15;4
65325;513;527;15;25;15;0
65326;601;577;11;25;15;2
65327;241;552;14;25;15;1
65328;942;602;9;25;15;4
65329;271;552;14;25;15;1
65330;613;577;11;25;15;3
65331;972;602;9;25;15;3
65332;637;577;11;25;15;2
65333;649;577;11;25;15;2
65334;351;577;12;25;15;2
65335;35;2;16;25;15;0
65336;755;552;13;25;15;1
65337;364;577;12;25;15;2
65338;685;577;11;25;15;2
65345;902;602;9;25;15;3
65346;730;577;10;25;15;3
65347;822;602;9;25;15;3
65348;719;577;10;25;15;2
65349;762;602;9;25;15;3
65350;327;627;7;25;15;4
65351;708;577;10;25;15;3
65352;91;627;8;25;15;4
65353;616;627;4;25;15;6
65354;444;627;6;25;15;4
65355;118;627;8;25;15;4
65356;1020;577;3;25;15;6
65357;713;552;13;25;15;1
65358;145;627;8;25;15;4
65359;463;602;10;25;15;3
65360;518;602;10;25;15;3
65361;375;602;10;25;15;2
65362;430;627;6;25;15;5
65363;287;627;7;25;15;4
65364;279;627;7;25;15;4
65365;208;627;8;25;15;4
65366;622;602;9;25;15;3
65367;416;577;12;25;15;2
65368;582;602;9;25;15;3
65369;992;602;9;25;15;3
65370;253;627;8;25;15;4
65374;641;527;15;25;15;0
65381;423;627;6;25;10;2
65382;662;602;9;25;10;1
65383;190;627;8;25;10;1
65384;181;627;8;25;10;1
65385;172;627;8;25;10;1
65388;163;627;8;25;10;1
65389;109;627;8;25;10;1
65390;73;627;8;25;10;1
65391;55;627;8;25;10;1
65392;45;602;10;25;10;0
65393;818;577;10;25;10;0
65394;884;577;10;25;10;0
65395;772;602;9;25;10;1
65396;100;602;10;25;10;0
65397;144;602;10;25;10;0
65398;408;602;10;25;10;0
65399;419;602;10;25;10;0
65400;78;602;10;25;10;0
65401;807;577;10;25;10;0
65402;262;627;8;25;10;1
65403;221;602;10;25;10;0
65404;741;577;10;25;10;0
65405;697;577;10;25;10;0
65406;742;602;9;25;10;0
65407;872;602;9;25;10;1
65408;166;602;10;25;10;0
65409;353;602;10;25;10;0
65410;397;602;10;25;10;0
65411;474;602;10;25;10;0
65412;562;602;9;25;10;1
65413;895;577;10;25;10;0
65414;56;602;10;25;10;0
65416;122;602;10;25;10;0
65417;592;602;9;25;10;0
65418;133;602;10;25;10;0
65419;882;602;9;25;10;1
65420;692;602;9;25;10;1
65421;906;577;10;25;10;0
65422;873;577;10;25;10;0
65423;785;577;10;25;10;0
65424;1002;602;8;25;10;1
65425;917;577;10;25;10;0
65426;950;577;10;25;10;0
65427;972;577;10;25;10;0
65428;155;602;10;25;10;0
65430;154;627;8;25;10;1
65431;682;602;9;25;10;1
65432;217;627;8;25;10;1
65433;452;602;10;25;10;0
65434;602;602;9;25;10;1
65435;235;627;8;25;10;1
65436;572;602;9;25;10;1
65437;529;602;10;25;10;0
65438;271;627;7;25;10;0
65439;407;627;7;25;10;0
